2006-01-03,0.0
2006-01-04,0.0
2006-01-05,0.0
2006-01-06,-0.004278684609846723
2006-01-09,0.003307765313605697
2006-01-10,-0.0010250825328648812
2006-01-11,-0.0008984402457690378
2006-01-12,-0.00023900589041230685
2006-01-13,0.0032662993841326426
2006-01-17,-0.001292441818247355
2006-01-18,-0.0020392940260388123
2006-01-19,-0.004697724605423148
2006-01-20,0.0006911404649150052
2006-01-23,0.0012520218178942426
2006-01-24,-0.00544680170421963
2006-01-25,-0.0009145713144171007
2006-01-26,0.002960739849663692
2006-01-27,-0.0023206389744694304
2006-01-30,0.005397359322626058
2006-01-31,-0.003438323810479837
2006-02-01,-0.0006166268288579656
2006-02-02,-0.0036353465892240613
2006-02-03,-0.0008290793336863876
2006-02-06,0.0003299746629587803
2006-02-07,0.0005153259754505366
2006-02-08,0.00038887929385238054
2006-02-09,-0.0012326560332866182
2006-02-10,-0.002540048942846203
2006-02-13,0.0009246842870437132
2006-02-14,-0.002485255892072064
2006-02-15,0.0022790570144219807
2006-02-16,-0.0009619266227457023
2006-02-17,-0.0033516543438485494
2006-02-21,5.9611132830693705e-05
2006-02-22,-0.002243046521569133
2006-02-23,0.00046069857330440986
2006-02-24,-0.0013290365574674587
2006-02-27,0.000592050998651954
2006-02-28,0.002562586403809891
2006-03-01,-0.0029200188809419348
2006-03-02,-2.031960937291314e-05
2006-03-03,0.002739191762668329
2006-03-06,0.0023400065215916773
2006-03-07,0.002132660697206141
2006-03-08,0.00010268650726345026
2006-03-09,0.00013636381321864728
2006-03-10,0.004468501496761045
2006-03-13,-0.003974742990176102
2006-03-14,0.0016260518216979383
2006-03-15,0.004951190947498754
2006-03-16,0.0033881158117724593
2006-03-17,-0.00106642609417052
2006-03-20,-0.0009323891387089898
2006-03-21,-0.0011701669413494383
2006-03-22,-0.0031620576030685207
2006-03-23,5.6878225892104616e-05
2006-03-24,-0.0024511244155687013
2006-03-27,0.0028401785876601623
2006-03-28,-0.0020531801686996787
2006-03-29,0.00039438294131902813
2006-03-30,0.0016606788946739947
2006-03-31,-0.003563367100650438
2006-04-03,-0.0001210529109133477
2006-04-04,0.0004927548213843877
2006-04-05,0.004719724192729921
2006-04-06,0.002657391889143722
2006-04-07,-0.002896642855958842
2006-04-10,-0.0007969419347370413
2006-04-11,0.0016104959683722916
2006-04-12,0.002767862981451024
2006-04-13,0.001944096870232405
2006-04-17,0.002720137095678402
2006-04-18,0.003485046940204196
2006-04-19,-0.002510019181934845
2006-04-20,0.006209701940758639
2006-04-21,-0.0013298764362634013
2006-04-24,0.002576480332294907
2006-04-25,-0.0008789661480540706
2006-04-26,-0.00011082259812105529
2006-04-27,0.001468120246016328
2006-04-28,0.001728391564299552
2006-05-01,-0.001839880292126228
2006-05-02,-0.0004744288492160469
2006-05-03,-0.0012215563802980157
2006-05-04,0.0005070181180411568
2006-05-05,-6.49596647003416e-05
2006-05-08,0.0029876005544053853
2006-05-09,-0.0014119599558393245
2006-05-10,0.002013106221958296
2006-05-11,-0.0038130142611241553
2006-05-12,-0.0006462426186960883
2006-05-15,0.00013816051322174198
2006-05-16,-0.00036466253638326026
2006-05-17,-0.002018505870634418
2006-05-18,0.002872853273129532
2006-05-19,0.0029709414414921644
2006-05-22,9.087455671917945e-05
2006-05-23,0.002879688907352873
2006-05-24,0.004159365972437639
2006-05-25,0.001695302668599462
2006-05-26,0.0021383485483545957
2006-05-30,0.007518363528933793
2006-05-31,-0.0017592434864180078
2006-06-01,-0.0013385183528076615
2006-06-02,-0.000419908601602584
2006-06-05,-0.002104830989799517
2006-06-06,-0.0012346936614843328
2006-06-07,0.001931246670211312
2006-06-08,-0.005769975069234268
2006-06-09,-0.003526526967172767
2006-06-12,-0.001377958272795857
2006-06-13,-0.0010371082456869804
2006-06-14,-0.0038297967938683494
2006-06-15,-0.001098378051014055
2006-06-16,0.000611199230762771
2006-06-19,-0.0030251885839530984
2006-06-20,0.004305509439718447
2006-06-21,0.0012950863932647593
2006-06-22,0.0017804756549157778
2006-06-23,0.0018643614597335383
2006-06-26,3.644650939418773e-05
2006-06-27,0.002434461503266416
2006-06-28,0.003531379444121202
2006-06-29,-0.0009069282911429338
2006-06-30,0.003106431156979804
2006-07-03,-2.117582368135751e-22
2006-07-04,-0.0007366309345722173
2006-07-05,0.0006352280493114498
2006-07-06,0.0008602285865250952
2006-07-07,0.0013798661051762184
2006-07-10,0.0028416705592949833
2006-07-11,-0.0003713937492539455
2006-07-12,-0.0010971396927892192
2006-07-13,-0.00025003364244547587
2006-07-14,0.0021684602948597487
2006-07-17,-0.0011095374534560525
2006-07-18,0.003697796512347649
2006-07-19,-0.0024938094165653443
2006-07-20,-0.00011396252918724676
2006-07-21,5.339141801232188e-05
2006-07-24,-0.005684052634466085
2006-07-25,0.00434047161108731
2006-07-26,-0.0023317751670418915
2006-07-27,0.0015934022603849487
2006-07-28,0.000711463947540524
2006-07-31,0.0015587540246152537
2006-08-01,-0.001161514376386819
2006-08-02,-0.0006372398994247289
2006-08-03,0.002421730415313449
2006-08-04,0.0007351276287472684
2006-08-07,-0.00020860247362232767
2006-08-08,-0.0018523688729841267
2006-08-09,-0.0012187978843251819
2006-08-10,0.0020756407028280867
2006-08-11,0.0007446280567545941
2006-08-14,-0.003685024192069449
2006-08-15,-0.002254751350214232
2006-08-16,-5.462287856628813e-05
2006-08-17,-0.0012631508126548037
2006-08-18,0.0010982005892665936
2006-08-21,0.004589435678916347
2006-08-22,0.0003288448794815414
2006-08-23,-0.0005428803117294252
2006-08-24,0.0025706790862212265
2006-08-25,-0.0006777131311688613
2006-08-28,0.000683302996046629
2006-08-29,-0.00201506688900314
2006-08-30,0.0010838413473585086
2006-08-31,0.0011265133393991806
2006-09-01,-0.0016222713919396975
2006-09-05,-0.0003261981456660676
2006-09-06,-0.0010102922114180258
2006-09-07,0.0006306101835958696
2006-09-08,0.00012782614116737677
2006-09-11,0.004559325549819167
2006-09-12,-0.001192117630516452
2006-09-13,-0.000816107985601537
2006-09-14,7.50609957097441e-05
2006-09-15,-0.0035154248136012854
2006-09-18,-0.0029771088415242847
2006-09-19,0.0016330974245519162
2006-09-20,-0.002255948422909957
2006-09-21,0.0018119970307521375
2006-09-22,0.0005037594600474065
2006-09-25,-0.0025847603653081043
2006-09-26,0.003966307005928171
2006-09-27,-0.0002436879424602839
2006-09-28,0.002020685140412171
2006-09-29,0.0011070884470421208
2006-10-02,-0.005811474212986452
2006-10-03,-0.004477056398202199
2006-10-04,-0.0028507327819252376
2006-10-05,-0.0004650158472698446
2006-10-06,0.0016031225370831976
2006-10-09,3.749625260144742e-05
2006-10-10,0.001306068426076711
2006-10-11,-0.004156889341589443
2006-10-12,-0.00024793838671266066
2006-10-13,-0.0012988102864358116
2006-10-16,0.00047875699304669543
2006-10-17,-3.0458019902269203e-05
2006-10-18,-0.0007895314568525623
2006-10-19,-0.0031364901057675055
2006-10-20,-0.0003963571126296252
2006-10-23,0.0025657790799499796
2006-10-24,-0.004843807545490263
2006-10-25,0.002157557940344282
2006-10-26,0.003315358981055491
2006-10-27,0.0009809669383351878
2006-10-30,0.0003196113732623214
2006-10-31,0.0034896073930447834
2006-11-01,-0.0013392090749049929
2006-11-02,-0.0009434671596792467
2006-11-03,-0.0019997196658152775
2006-11-06,0.0016930312428275166
2006-11-07,-0.003471862929093493
2006-11-08,0.002892120338634315
2006-11-09,-0.0011804094758320334
2006-11-10,0.0006647016901505276
2006-11-13,0.0031036245519576663
2006-11-14,-0.003167031900602525
2006-11-15,0.0008730937597367858
2006-11-16,-0.005044069131310025
2006-11-17,-1.948385917100153e-05
2006-11-20,-0.006279204983473749
2006-11-21,-0.0010233839390365045
2006-11-22,-1.164670302474663e-21
2006-11-23,0.001995934376381655
2006-11-24,0.0008739305061241573
2006-11-27,0.0024379748193081034
2006-11-28,-0.0008317471028038201
2006-11-29,-0.001409517474002514
2006-11-30,0.003196340574236736
2006-12-01,-0.00012907927541739615
2006-12-04,-0.001940672929246037
2006-12-05,0.00048472208142265934
2006-12-06,0.002256464846029162
2006-12-07,0.0008411138780265533
2006-12-08,0.0008068269355862699
2006-12-11,-0.0008437321287121497
2006-12-12,-0.0001437968685714117
2006-12-13,0.0009714790470382055
2006-12-14,0.001443614493439162
2006-12-15,0.00025833779668469193
2006-12-18,-0.004157548348231637
2006-12-19,0.005105990543168033
2006-12-20,-0.0003665686828460955
2006-12-21,0.0016364895167438834
2006-12-22,-0.001771550187710223
2006-12-26,-0.002168484738379055
2006-12-27,0.0008213762052881294
2006-12-28,0.0035921128534858763
2006-12-29,-7.411538288475128e-22
2007-01-02,0.0015998443535488061
2007-01-03,0.0019381302918435707
2007-01-04,0.0008266311786273427
2007-01-05,0.0016836199517982716
2007-01-08,-0.0011114459240213956
2007-01-09,-0.0006713888181695856
2007-01-10,0.000631250362011007
2007-01-11,0.0006151978595575191
2007-01-12,1.852884572118782e-22
2007-01-15,-0.0017511746776394707
2007-01-16,-0.0005638285880515616
2007-01-17,0.0029599485108771175
2007-01-18,1.1862796062986868e-05
2007-01-19,0.0004959246818991507
2007-01-22,0.0001516898959887385
2007-01-23,-0.0008479170932271841
2007-01-24,0.0005800164375391758
2007-01-25,-0.00012189032338525882
2007-01-26,0.0017970856589935255
2007-01-29,-0.003173890728891257
2007-01-30,0.0007830792624776927
2007-01-31,-0.00030677892237878306
2007-02-01,-0.001601490078420237
2007-02-02,-2.3573114028428667e-05
2007-02-05,0.0005865611188238781
2007-02-06,0.00280584317412504
2007-02-07,-0.0028267324427362285
2007-02-08,0.00020036681196324837
2007-02-09,-6.371064840533466e-05
2007-02-12,-0.0004368762014428907
2007-02-13,-0.002059433988982131
2007-02-14,-0.0012766260113743393
2007-02-15,0.0003605139373688321
2007-02-16,-1.2176098616780567e-21
2007-02-19,-0.0036051368325680437
2007-02-20,-0.0013527150308140102
2007-02-21,-0.0015662234226693757
2007-02-22,0.0013842049245825242
2007-02-23,-7.887835739834475e-06
2007-02-26,0.001842979989231177
2007-02-27,0.0007340882175907443
2007-02-28,-0.0007361801343011987
2007-03-01,-0.0012767413317113314
2007-03-02,0.0013887188807293078
2007-03-05,-0.0012306534122767186
2007-03-06,0.0015870523322512762
2007-03-07,-0.0017077151279429976
2007-03-08,0.002539706481652159
2007-03-09,-0.010162552161167463
2007-03-12,0.004532846077537895
2007-03-13,0.001320160020211657
2007-03-14,0.001068118591940679
2007-03-15,-0.0017774563002144368
2007-03-16,-0.00044529603342674247
2007-03-19,0.002432639425209849
2007-03-20,0.0012564408622611671
2007-03-21,-0.0002692573736083946
2007-03-22,0.004181961887422922
2007-03-23,-0.00016480578171097
2007-03-26,-0.003224557920690471
2007-03-27,0.0005027532278905149
2007-03-28,-0.00043867829437964226
2007-03-29,0.0007887887534701653
2007-03-30,0.00432333577074908
2007-04-02,0.0019259203307038038
2007-04-03,-0.0019987872508136356
2007-04-04,0.0018739912227858336
2007-04-05,0.0008964301271557289
2007-04-09,0.0006785760452918013
2007-04-10,0.0010636602372277122
2007-04-11,0.0023313057638787603
2007-04-12,-0.0010825535486257034
2007-04-13,0.0008121502182659111
2007-04-16,-0.0014362926687436193
2007-04-17,-0.0005665945384122158
2007-04-18,0.001390617037592629
2007-04-19,0.0013556109314433423
2007-04-20,-5.053629966444875e-05
2007-04-23,-0.0013549597735288284
2007-04-24,-0.0008323809584338444
2007-04-25,-0.0020627311503003108
2007-04-26,-0.0002751573372361995
2007-04-27,0.0008756061434327135
2007-04-30,0.0012223398589561152
2007-05-01,-0.002252973109182267
2007-05-02,0.0024441705252954663
2007-05-03,0.0027712876737628236
2007-05-04,0.0024514071384963026
2007-05-07,0.001506383280818584
2007-05-08,0.0008664186265936756
2007-05-09,-0.00042898022107809407
2007-05-10,0.0007351709958329862
2007-05-11,0.0010205021315039557
2007-05-14,0.003277255107943521
2007-05-15,0.0002556576436990941
2007-05-16,0.0007164000220735309
2007-05-17,-0.001192399071746346
2007-05-18,-0.0029019148105930053
2007-05-21,-0.0019664374397210652
2007-05-22,0.00040086577001012395
2007-05-23,-0.004931947454555926
2007-05-24,-0.00013670585273399484
2007-05-25,-1.1911400820763599e-22
2007-05-28,-0.018249864229300135
2007-05-29,0.0014329698010103204
2007-05-30,0.0014921390772180678
2007-05-31,0.0007124310370674692
2007-06-01,-0.002374884153597989
2007-06-04,0.002107876579736966
2007-06-05,-0.00014026198234244201
2007-06-06,0.00031065128344703787
2007-06-07,0.0012408574318625632
2007-06-08,-0.001299682537715115
2007-06-11,-0.0010274898162786217
2007-06-12,0.0010935223540137087
2007-06-13,0.0008966057888731149
2007-06-14,-0.0001713245932068982
2007-06-15,0.0017773672792460223
2007-06-18,-0.002023688333034573
2007-06-19,0.0002763288308514152
2007-06-20,0.002241368573141507
2007-06-21,-0.0005849672609902867
2007-06-22,0.0012569892730663306
2007-06-25,-0.0012551208906223215
2007-06-26,0.0009390625082884121
2007-06-27,-0.0006780877473083102
2007-06-28,0.0009555112030609641
2007-06-29,-0.0001281457205305078
2007-07-02,0.0013830461901944006
2007-07-03,-6.352747104407253e-22
2007-07-04,0.007089886740547087
2007-07-05,-0.0017207975068972673
2007-07-06,-0.0022626934104430707
2007-07-09,-0.0017634735482917482
2007-07-10,-0.0032922959037222574
2007-07-11,0.0027884784463623625
2007-07-12,-0.002515463653859852
2007-07-13,0.0013539697444791162
2007-07-16,0.0030732572018926513
2007-07-17,0.0009491979736403306
2007-07-18,0.002416607989117975
2007-07-19,4.3430666609247954e-05
2007-07-20,-0.0008130044421428922
2007-07-23,0.0025018895064997855
2007-07-24,0.004101461742623331
2007-07-25,-0.0009535158596643374
2007-07-26,0.002720788247424603
2007-07-27,-0.00038085361169976295
2007-07-30,-0.0003454915850383835
2007-07-31,0.007646925635643387
2007-08-01,-0.0005739954752326385
2007-08-02,-0.00016061265445821665
2007-08-03,0.004514006780272223
2007-08-06,-0.003595498441581341
2007-08-07,-0.0027423333713392983
2007-08-08,-0.0029633742283684855
2007-08-09,0.006016690721720085
2007-08-10,0.0034650311881544277
2007-08-13,-0.0019302509736578981
2007-08-14,0.0005112539708708687
2007-08-15,-0.014879471488259804
2007-08-16,0.0037912874525219313
2007-08-17,9.05021943326394e-05
2007-08-20,0.0037268474799070934
2007-08-21,0.0032192827169888615
2007-08-22,-0.0036058407789006965
2007-08-23,0.00959022902605389
2007-08-24,0.0020230385830851544
2007-08-27,-0.0017341830652945857
2007-08-28,0.0038669098795854734
2007-08-29,0.0042041580025868365
2007-08-30,-0.0032657572738980073
2007-08-31,-0.00042180508192453305
2007-09-04,-0.00010798840731651108
2007-09-05,0.002895600872945622
2007-09-06,-0.00019687107889592066
2007-09-07,-0.00025747387342538685
2007-09-10,-0.0009229290814193481
2007-09-11,0.000635678212151405
2007-09-12,-0.0028657030385250584
2007-09-13,-0.002240625414846141
2007-09-14,-0.0011130594142137722
2007-09-17,0.003747201869615589
2007-09-18,0.002134455294035288
2007-09-19,-0.00471432765333475
2007-09-20,0.0007366499285128964
2007-09-21,-0.0009603102399242371
2007-09-24,-0.0015774215361596513
2007-09-25,0.0009684856545123002
2007-09-26,-0.0008254142956277283
2007-09-27,0.0006687453261983967
2007-09-28,-0.0005271083113973678
2007-10-01,0.0016265218851891383
2007-10-02,0.0002994973971239765
2007-10-03,-0.000832876795279878
2007-10-04,-0.0014049908259663804
2007-10-05,-0.0017156539145618144
2007-10-08,0.00018890635267347958
2007-10-09,-0.0008185630216587507
2007-10-10,0.0010744218976727969
2007-10-11,0.0007046799846626181
2007-10-12,0.00022504836781330406
2007-10-15,0.00236938635626701
2007-10-16,0.00032135000900038744
2007-10-17,0.0007392439692101824
2007-10-18,0.003163776778545504
2007-10-19,0.0014097114800784103
2007-10-22,-0.002703429166887996
2007-10-23,-0.0009717697197398102
2007-10-24,0.010368870953989414
2007-10-25,0.001136159918862057
2007-10-26,0.004487554475010937
2007-10-29,-0.0023248533551382157
2007-10-30,0.0020167722628086243
2007-10-31,0.0028319937015329555
2007-11-01,-0.0026959602990403483
2007-11-02,0.005574142128130729
2007-11-05,-0.010861305153854302
2007-11-06,0.007977425281042288
2007-11-07,0.0011540641781367616
2007-11-08,0.0017015663201204278
2007-11-09,-0.004987592838328355
2007-11-12,-0.002350879403469632
2007-11-13,-0.002918407818635555
2007-11-14,0.0005943689996464139
2007-11-15,-0.0011072220915527963
2007-11-16,0.002334839901278987
2007-11-19,0.004127003343477519
2007-11-20,-0.002946636071067318
2007-11-21,0.00013852186956133983
2007-11-22,-0.004128421414165911
2007-11-23,0.013009575120080566
2007-11-26,0.004455963816931234
2007-11-27,0.005467514544046814
2007-11-28,-0.00014528165156853917
2007-11-29,-0.0009582397375532212
2007-11-30,0.0017535900749136304
2007-12-03,0.0009840367580276716
2007-12-04,0.002796461937293262
2007-12-05,0.007214617020026696
2007-12-06,-0.0005391955015406388
2007-12-07,-0.0002824609949729593
2007-12-10,-0.003214675633071377
2007-12-11,-0.0022946993819721456
2007-12-12,-0.0008232247146076656
2007-12-13,0.0025521866147820414
2007-12-14,-0.002679041967914503
2007-12-17,0.0050249693009699935
2007-12-18,0.0007337338297076733
2007-12-19,0.0035896063410238094
2007-12-20,0.0017484836795365838
2007-12-21,-0.001335357464752793
2007-12-24,0.005363557492901657
2007-12-26,0.003541811085862444
2007-12-27,-7.47120255681021e-05
2007-12-28,0.003995580003695161
2007-12-31,-0.0021045647497924956
2008-01-02,0.0007619457276160347
2008-01-03,0.0031862489112001137
2008-01-04,0.0006691096265633613
2008-01-07,0.0018264891443718245
2008-01-08,4.653457840660016e-05
2008-01-09,0.010960071422416404
2008-01-10,-0.0002528646137436694
2008-01-11,4.8481670734014945e-05
2008-01-14,-0.001008751731724823
2008-01-15,0.0064655741681226295
2008-01-16,-0.0010233047927080273
2008-01-17,-0.004789178972066948
2008-01-18,3.1763735522036263e-21
2008-01-21,0.004586093149115719
2008-01-22,0.007001073374062747
2008-01-23,-0.00387903517993816
2008-01-24,0.005925504283384032
2008-01-25,0.0028944709171092485
2008-01-28,0.001189750356992507
2008-01-29,-0.004079522964914235
2008-01-30,-0.0029490010892274502
2008-01-31,-0.0032388641138050185
2008-02-01,0.0009479553981890299
2008-02-04,0.0006378058027387613
2008-02-05,0.0016376516191153505
2008-02-06,0.007743610587750355
2008-02-07,-0.0005585421619664316
2008-02-08,-0.003471027706937735
2008-02-11,0.003435817409827414
2008-02-12,-0.002258695966628959
2008-02-13,0.004659415794278437
2008-02-14,-0.001354607799389658
2008-02-15,-0.0003210625403765005
2008-02-19,-0.000874993903801285
2008-02-20,0.007107647885752376
2008-02-21,-0.00315668503230479
2008-02-22,-0.0013815208108850395
2008-02-25,0.0026631456350793316
2008-02-26,0.001117419174555412
2008-02-27,-0.0030652266947702182
2008-02-28,-0.00026655916945099597
2008-02-29,0.0002530093471045733
2008-03-03,0.0035473141294198006
2008-03-04,0.0013268230694435358
2008-03-05,-0.0016530549280223007
2008-03-06,0.0026413985818823497
2008-03-07,0.006150562512267293
2008-03-10,0.002630330207874846
2008-03-11,0.002554758571447921
2008-03-12,-0.0026591246209082546
2008-03-13,-0.007126556442223897
2008-03-14,-0.005959637649629796
2008-03-17,0.024050839486749284
2008-03-18,0.0038000801935038843
2008-03-19,-0.0033010209483855324
2008-03-20,0.006165589248633526
2008-03-24,0.005066164232310359
2008-03-25,0.004848223909015592
2008-03-26,-0.0069196155079567
2008-03-27,-0.002776580161366122
2008-03-28,-0.006607579578937881
2008-03-31,0.0021331854290169905
2008-04-01,0.003099367658354815
2008-04-02,-0.0015375649586802736
2008-04-03,0.0012717113514264023
2008-04-04,-0.00379546430572016
2008-04-07,-0.0006018681858916803
2008-04-08,-0.001510496157664368
2008-04-09,-0.00038399371597847346
2008-04-10,0.0014812861501407922
2008-04-11,0.0022943147210785705
2008-04-14,0.003303312258695406
2008-04-15,0.0026836519769233022
2008-04-16,0.004669543174463994
2008-04-17,5.630346809553971e-05
2008-04-18,-0.003349727232136763
2008-04-21,0.00039627830460518506
2008-04-22,0.00539750727619913
2008-04-23,0.0006457602813022296
2008-04-24,0.0008390772248806717
2008-04-25,0.0023686111165655624
2008-04-28,0.0027193228444578653
2008-04-29,0.00042572016213285845
2008-04-30,-0.00012930609608701317
2008-05-01,0.0021285851915579072
2008-05-02,0.00010731947717309643
2008-05-05,-0.00252288156414072
2008-05-06,0.003446437720120641
2008-05-07,0.0012903487055905482
2008-05-08,0.004818137066268114
2008-05-09,-0.002932171990205811
2008-05-12,-0.003273837625137969
2008-05-13,0.00020292770702712813
2008-05-14,-0.0013389131751212289
2008-05-15,-0.0022669351096794715
2008-05-16,0.0015151449035656255
2008-05-19,-0.0010830568748456096
2008-05-20,0.005639044363991536
2008-05-21,0.0012002684906290196
2008-05-22,0.004593120928914593
2008-05-23,-7.940933880509066e-23
2008-05-26,0.0003365245062045154
2008-05-27,-0.0012361182509164224
2008-05-28,-0.0031722803220401302
2008-05-29,-0.004664540155390255
2008-05-30,0.0031117916435618744
2008-06-02,-9.914977271348714e-05
2008-06-03,0.0012780021806349706
2008-06-04,6.1325160158154195e-06
2008-06-05,-0.0021843947388657486
2008-06-06,0.005758987397334199
2008-06-09,-0.0016017546924238634
2008-06-10,0.0016326372908374877
2008-06-11,0.001115201564766018
2008-06-12,-0.002437063921690745
2008-06-13,-0.001861207536313574
2008-06-16,0.0012869844599013634
2008-06-17,0.003955370851928238
2008-06-18,0.00555687614735306
2008-06-19,-0.006983557141773584
2008-06-20,-0.0015809844085332226
2008-06-23,0.0012974085206503587
2008-06-24,-0.00034412730943565446
2008-06-25,-0.002438976084522414
2008-06-26,0.00015632824264871998
2008-06-27,-0.0023024902904980925
2008-06-30,0.0013564831325148898
2008-07-01,0.0014242110678397565
2008-07-02,-0.004059411726756481
2008-07-03,2.9116757561866574e-22
2008-07-04,0.001314620102734529
2008-07-07,0.0072036192112436915
2008-07-08,-0.005482366992515093
2008-07-09,0.002146919961995555
2008-07-10,0.0001627981493874595
2008-07-11,0.0008621950227684306
2008-07-14,0.001957881654658317
2008-07-15,0.008294764559429414
2008-07-16,-0.012981278549371924
2008-07-17,0.0025914161619370207
2008-07-18,0.0010738214844103042
2008-07-21,0.005247984486440236
2008-07-22,-0.002671369864801915
2008-07-23,0.0028543557299872046
2008-07-24,0.0007827929438198114
2008-07-25,0.0063432770617616345
2008-07-28,0.0034922373343737414
2008-07-29,7.388343699090165e-05
2008-07-30,0.004793829213583413
2008-07-31,-0.0038175512691109225
2008-08-01,-0.0010834624864320907
2008-08-04,-0.0017444095865779496
2008-08-05,-0.0031218356311789176
2008-08-06,0.0030645167303232535
2008-08-07,-0.0023367514369232257
2008-08-08,0.009350801318755675
2008-08-11,-0.0014902324758656348
2008-08-12,-0.0006862378476165664
2008-08-13,-0.001653462680424531
2008-08-14,-0.0037254743784569623
2008-08-15,-0.002827446445503483
2008-08-18,-0.0010767167575961025
2008-08-19,-0.002867556214051034
2008-08-20,0.003552691579675805
2008-08-21,0.0033834634081074608
2008-08-22,-0.003290131314119479
2008-08-25,0.002839789245214627
2008-08-26,0.005542459385529951
2008-08-27,0.004566672330939524
2008-08-28,0.005832931459421344
2008-08-29,0.0064268279358067615
2008-09-02,0.0050739182597144715
2008-09-03,-0.0008106223656868371
2008-09-04,-0.004072268346158234
2008-09-05,0.006562719992348228
2008-09-08,-0.01719258502988076
2008-09-09,0.008580355245159973
2008-09-10,0.006220660862802839
2008-09-11,0.0040001601019656234
2008-09-12,-0.008029705113369682
2008-09-15,0.016235861763393422
2008-09-16,0.009265765227464676
2008-09-17,-0.0009794851063143796
2008-09-18,0.015462365644180482
2008-09-19,0.0028783366208888807
2008-09-22,0.009722990597744471
2008-09-23,0.0023105090219670424
2008-09-24,0.0003840635947883837
2008-09-25,-0.005355727573216736
2008-09-26,-0.00525020412404691
2008-09-29,0.014595114617158128
2008-09-30,-0.006480173899494077
2008-10-01,-0.006955527396314429
2008-10-02,-0.00036857617736072703
2008-10-03,0.002288005163729803
2008-10-06,-0.006724667673488782
2008-10-07,-0.0006286082254795444
2008-10-08,-0.000998473109586551
2008-10-09,0.002515360173902656
2008-10-10,-0.006960617813841065
2008-10-13,0.001510824150813299
2008-10-14,0.010437406820159954
2008-10-15,0.0022423403437193644
2008-10-16,0.0012234789837910522
2008-10-17,-0.003389831246274715
2008-10-20,0.004914364607758813
2008-10-21,-0.0019962356962608986
2008-10-22,0.0041311434399945515
2008-10-23,0.0038406270741759498
2008-10-24,0.008785669505333023
2008-10-27,0.0011245410922929387
2008-10-28,-0.016361169807717107
2008-10-29,-0.005431464560076338
2008-10-30,0.0027205538603139777
2008-10-31,-0.005408570025553999
2008-11-03,-0.0028989870634964256
2008-11-04,0.00461638567819682
2008-11-05,-0.0014867667329562097
2008-11-06,0.008271245002623669
2008-11-07,-0.009273607630058002
2008-11-10,0.0020926742794142063
2008-11-11,-0.003741622301849867
2008-11-12,0.01536327782309092
2008-11-13,-0.004802289384263553
2008-11-14,0.0005375577568883488
2008-11-17,0.005380230884159781
2008-11-18,0.0048754368495357425
2008-11-19,0.023281119447471056
2008-11-20,-0.009195431255303782
2008-11-21,-0.0043584845801129
2008-11-24,0.005431127038029984
2008-11-25,-0.00494021150169268
2008-11-26,-7.411538288475128e-22
2008-11-27,0.006560286363247924
2008-11-28,-0.03572451884457251
2008-12-01,0.00801972690279458
2008-12-02,0.009135372292353758
2008-12-03,0.0035829324436303625
2008-12-04,0.0023016814524880365
2008-12-05,-0.006652908047562898
2008-12-08,0.006365291118045591
2008-12-09,0.004613350144717575
2008-12-10,-0.0027554348539960754
2008-12-11,0.004005590818800479
2008-12-12,-3.8335822426627795e-05
2008-12-15,-4.3424443908768274e-05
2008-12-16,0.0027635792543609823
2008-12-17,-0.001693022599907547
2008-12-18,0.0023214730610009236
2008-12-19,8.747270198693853e-05
2008-12-22,-0.003482668323053183
2008-12-23,0.0031477142762023676
2008-12-24,0.00395103092931217
2008-12-26,-0.0064020064651623566
2008-12-29,0.008144229932038432
2008-12-30,-0.003725961368721962
2008-12-31,0.003931566919311692
2009-01-02,0.0015543148773883289
2009-01-05,0.008482332943702958
2009-01-06,0.0008798779095405104
2009-01-07,0.0067965466782937
2009-01-08,0.0027029778092148037
2009-01-09,-0.0060282895663973475
2009-01-12,0.0016551932987765507
2009-01-13,-0.0032822199503513734
2009-01-14,-0.003230273435082075
2009-01-15,-0.0026842035843085395
2009-01-16,4.632211430296955e-22
2009-01-19,0.001222676251993922
2009-01-20,-0.012786445753827733
2009-01-21,-0.009158430070878586
2009-01-22,0.002623490304275235
2009-01-23,-2.44068627940075e-05
2009-01-26,-0.005570148469710453
2009-01-27,0.004048139327731561
2009-01-28,0.003834257441692532
2009-01-29,0.008103501514737274
2009-01-30,-0.001327625025568824
2009-02-02,0.0018513526265438213
2009-02-03,0.005424443723570874
2009-02-04,-0.0017367374119420706
2009-02-05,0.0002392144993831199
2009-02-06,0.00011049223867907803
2009-02-09,-0.0015288345360364467
2009-02-10,0.0037136692258672283
2009-02-11,0.0018585345510006312
2009-02-12,-0.002733135525931553
2009-02-13,0.004872947966809455
2009-02-17,0.004769621278472063
2009-02-18,-0.007441380978770307
2009-02-19,0.006695318594327933
2009-02-20,0.0065361864771914
2009-02-23,0.004628793146335798
2009-02-24,0.012276373875306723
2009-02-25,0.006219048420329205
2009-02-26,-0.002567747057055679
2009-02-27,-0.003912021732612047
2009-03-02,0.00430170830579361
2009-03-03,-0.003627562845978067
2009-03-04,0.002617625036032712
2009-03-05,-0.0004699552244433981
2009-03-06,-0.0015862129539617662
2009-03-09,0.009239634360196402
2009-03-10,-0.0005359612619541721
2009-03-11,0.012731504112117565
2009-03-12,0.0008032885340879053
2009-03-13,-0.00875835485154822
2009-03-16,-0.0014876625788496941
2009-03-17,-0.001716420177579713
2009-03-18,0.0059185550967367755
2009-03-19,-0.0021420255716180434
2009-03-20,0.0029207491733359505
2009-03-23,-0.005094356184039274
2009-03-24,0.0021369628580393445
2009-03-25,0.0028357680196510696
2009-03-26,0.009312905484095321
2009-03-27,-0.002104226969291869
2009-03-30,0.0011671734695128584
2009-03-31,0.004309077133864462
2009-04-01,-0.0015557673676731593
2009-04-02,0.0024579637107784184
2009-04-03,0.0011111846723868331
2009-04-06,-0.0032276091983654363
2009-04-07,0.0014911172992267767
2009-04-08,-0.009537809709308013
2009-04-09,-0.003383042443124277
2009-04-13,-0.001258450654677791
2009-04-14,0.0011764695711044375
2009-04-15,0.006025688486321673
2009-04-16,-0.002574138621862821
2009-04-17,0.011141412310440572
2009-04-20,-0.0002556348201830029
2009-04-21,-0.003861505793518473
2009-04-22,-0.002752464397712819
2009-04-23,0.004764408557979651
2009-04-24,0.0041740914369477935
2009-04-27,0.002899560930410351
2009-04-28,0.006762674787779462
2009-04-29,0.005939952064488562
2009-04-30,0.002817843253354952
2009-05-01,-0.004752627820295952
2009-05-04,0.0032398630401325582
2009-05-05,0.006806243306711144
2009-05-06,0.0013967635053739786
2009-05-07,0.010358017070493004
2009-05-08,0.006743487159026422
2009-05-11,0.003035855746197331
2009-05-12,-0.0023869437539575963
2009-05-13,-0.002037051910382142
2009-05-14,-0.00024304296685973155
2009-05-15,-4.701080751381677e-06
2009-05-18,0.0024978809900190885
2009-05-19,0.005770463076954986
2009-05-20,6.931414381539677e-05
2009-05-21,0.005198512346335287
2009-05-22,0.0
2009-05-25,0.0031036329083506515
2009-05-26,0.004809872069182996
2009-05-27,-0.0066057036398510785
2009-05-28,0.0030923722817996933
2009-05-29,0.00111759561304634
2009-06-01,0.0020704705987928734
2009-06-02,-0.0031516761774841636
2009-06-03,0.0051105774867347496
2009-06-04,-0.0015701629905689489
2009-06-05,-0.0002805000481668229
2009-06-08,0.0018717635382453604
2009-06-09,0.005628104119269316
2009-06-10,0.0021547729446490024
2009-06-11,-0.00037832455778873597
2009-06-12,0.00450832098657114
2009-06-15,-0.005733467128599229
2009-06-16,0.003977438534766726
2009-06-17,0.0009411389314727328
2009-06-18,0.005160132088485209
2009-06-19,-0.003781715348911381
2009-06-22,-0.0021171256819545086
2009-06-23,0.0013654321583611761
2009-06-24,-0.0012276131535906552
2009-06-25,0.0004146696475898501
2009-06-26,-0.00023739686117815734
2009-06-29,-0.004968591801981097
2009-06-30,0.004325368921503223
2009-07-01,0.0075593948656461
2009-07-02,4.235164736271502e-22
2009-07-03,-0.003359569906033453
2009-07-06,-0.0007065035684380701
2009-07-07,0.0013244326647605512
2009-07-08,0.006410569461210631
2009-07-09,0.00026452086993897006
2009-07-10,-8.208752209184589e-05
2009-07-13,0.003568512319497139
2009-07-14,0.0031071689072693877
2009-07-15,-0.0006445511695200852
2009-07-16,-0.0060007391421256695
2009-07-17,-0.002690160085662128
2009-07-20,0.0038594079273589705
2009-07-21,0.0014320667364784811
2009-07-22,-0.003677001659385728
2009-07-23,0.0027547934598869707
2009-07-24,-0.002485756178798417
2009-07-27,0.00127760972847621
2009-07-28,-0.0021268508808938375
2009-07-29,0.0011572385646405406
2009-07-30,0.00102159791394059
2009-07-31,-0.0008115118354080791
2009-08-03,-1.5153723974466052e-05
2009-08-04,-0.0019734285594973032
2009-08-05,0.0028835668563264357
2009-08-06,-0.0012801157956757083
2009-08-07,4.96628415153624e-05
2009-08-10,-0.0037076732425193716
2009-08-11,-0.002093814433218895
2009-08-12,0.0012830871423909866
2009-08-13,-0.007192733334878089
2009-08-14,0.0011530014597875007
2009-08-17,0.0015860870109871957
2009-08-18,-0.0036731978508851917
2009-08-19,0.0019308821447830428
2009-08-20,-0.002565580520005776
2009-08-21,0.0026734419331408575
2009-08-24,-0.000686193975358451
2009-08-25,-0.008645995999550822
2009-08-26,0.008908382947159326
2009-08-27,0.0040864648885570376
2009-08-28,0.0024212212516959717
2009-08-31,-0.0038689714152678988
2009-09-01,0.0012528001027706098
2009-09-02,-0.004122911592644215
2009-09-03,0.0010851904845453225
2009-09-04,-0.0060564919671152635
2009-09-08,8.026535849946735e-05
2009-09-09,0.001885482032668152
2009-09-10,0.0036454767400810467
2009-09-11,0.0027900258093929717
2009-09-14,0.0002617613771746689
2009-09-15,-0.0038606044868513705
2009-09-16,0.003774881338560708
2009-09-17,0.0020171461129254694
2009-09-18,-0.0009070657916444341
2009-09-21,0.0005522242700627016
2009-09-22,0.0019391853211606358
2009-09-23,0.0007892988239894826
2009-09-24,-0.005643292951586703
2009-09-25,0.003840955837431513
2009-09-28,-0.0017722983182074938
2009-09-29,-0.0009230198615974641
2009-09-30,-0.0006266379939656669
2009-10-01,0.00013819471215703323
2009-10-02,0.0006284265179437015
2009-10-05,0.00026643884045443557
2009-10-06,0.0009785831093527609
2009-10-07,0.006113019820890081
2009-10-08,-0.0011150776553901242
2009-10-09,-0.0011899651491264194
2009-10-12,0.0007627348621222867
2009-10-13,0.001669461092026042
2009-10-14,-0.0003623793770639984
2009-10-15,0.0025014132413836553
2009-10-16,0.0013285183670471035
2009-10-19,0.0019759890468073376
2009-10-20,-0.0017482262638695728
2009-10-21,-0.002114387268974454
2009-10-22,-0.00019760005707751918
2009-10-23,0.0010383224746087958
2009-10-26,-0.0004919612088496127
2009-10-27,0.0019140408961941112
2009-10-28,-0.0021222812279122717
2009-10-29,0.0016833284690878237
2009-10-30,0.0019707374732412346
2009-11-02,0.0012203900058211118
2009-11-03,0.00016928365807743955
2009-11-04,0.00848229577525891
2009-11-05,-0.0007738174495895896
2009-11-06,0.003907722654587071
2009-11-09,0.004042736218942599
2009-11-10,-0.0049418734653112785
2009-11-11,-0.0020016205201034763
2009-11-12,0.0019549271051164706
2009-11-13,0.00285841234119444
2009-11-16,6.24848658970778e-05
2009-11-17,0.00029758555874551416
2009-11-18,6.638447151933015e-05
2009-11-19,0.0013362435294048784
2009-11-20,0.001989532516666525
2009-11-23,-0.006105384266754019
2009-11-24,0.0026122769543330993
2009-11-25,0.0008554790532006342
2009-11-27,-0.012136838676684095
2009-11-30,-0.0033250825040109116
2009-12-01,0.0006071298839343097
2009-12-02,-0.0017942739093110233
2009-12-03,-0.001069981158616345
2009-12-04,0.0034546154942245236
2009-12-07,0.0046979649189033855
2009-12-08,-0.00033716573533041543
2009-12-09,0.001323590283161737
2009-12-10,-0.0020148307779718063
2009-12-11,0.0024248742998711718
2009-12-14,-0.0017591590796186716
2009-12-15,-0.001047975808181434
2009-12-16,0.00022133135253004635
2009-12-17,-0.00030421696456688313
2009-12-18,0.003380303661103394
2009-12-21,0.0035878976837368662
2009-12-22,0.002871251730649735
2009-12-23,-0.0003818647272872238
2009-12-24,-0.0032966078762984266
2009-12-28,0.002272877206359547
2009-12-29,0.001005300471287569
2009-12-30,0.0035515466975274013
2009-12-31,-0.00198361502964156
2010-01-04,0.0012286019782893024
2010-01-05,0.003034421817877938
2010-01-06,0.0011931111669616504
2010-01-07,-0.0005928160382723959
2010-01-08,-0.003342360981442926
2010-01-11,-0.00040730205475300813
2010-01-12,-0.0010623515152638104
2010-01-13,-0.0008447365947893855
2010-01-14,0.0027006504749755404
2010-01-15,-0.0005965296313797162
2010-01-19,-0.003160735453112461
2010-01-20,0.0015527655497248687
2010-01-21,0.0019304824921644486
2010-01-22,0.00158939497441142
2010-01-25,0.0015801881551284402
2010-01-26,0.0012649159183461271
2010-01-27,0.0006834212721558506
2010-01-28,-0.0004282364867186643
2010-01-29,0.00010687103342608154
2010-02-01,0.0028016600442021602
2010-02-02,-0.0014732958295426862
2010-02-03,-0.0031741877461013376
2010-02-04,-0.000357133849554183
2010-02-05,0.0008964217013436475
2010-02-08,-0.0007301070400650696
2010-02-09,0.0005021926084185302
2010-02-10,0.002882033323333922
2010-02-11,0.0027206046451720587
2010-02-12,0.0021883388641369475
2010-02-16,-0.0014568026837580982
2010-02-17,-0.002115897074138508
2010-02-18,0.00035362909795038993
2010-02-19,0.0003330459458285763
2010-02-22,-0.000229837217882397
2010-02-23,-0.0020931813392867063
2010-02-24,-0.0009182079066535043
2010-02-25,0.0031258024836615887
2010-02-26,-0.0011148725614231873
2010-03-01,-0.0033479986091003843
2010-03-02,0.0002636030422803389
2010-03-03,-0.0013165590888877653
2010-03-04,0.0026883811743909046
2010-03-05,0.0031385057536566906
2010-03-08,2.1603002054407672e-05
2010-03-09,0.0004174205100818164
2010-03-10,-0.0006534170586130889
2010-03-11,0.003953095207450193
2010-03-12,-0.0021201257339722567
2010-03-15,-1.6617233662973322e-06
2010-03-16,0.0012969089475840315
2010-03-17,-1.2647633912117422e-06
2010-03-18,0.00496697349017379
2010-03-19,4.629296285944362e-05
2010-03-22,0.0005566462922704139
2010-03-23,-3.637412010329714e-05
2010-03-24,-0.004053994916112125
2010-03-25,-0.0016955372740157263
2010-03-26,-0.0007711953490440711
2010-03-29,-0.0017872848668743077
2010-03-30,0.0016755248794964026
2010-03-31,0.00191853777011124
2010-04-01,0.0014251822703193005
2010-04-05,0.002290184859168206
2010-04-06,-0.0001494355600017846
2010-04-07,-0.000366382307563819
2010-04-08,0.0006103145227496094
2010-04-09,-0.001530281540200692
2010-04-12,0.0011420190184261952
2010-04-13,-0.0023289459800036384
2010-04-14,-0.00025431261765844785
2010-04-15,0.00011307050664622503
2010-04-16,0.0006554843693256035
2010-04-19,-0.0028224229934097895
2010-04-20,0.00206876199233571
2010-04-21,0.0033031325211807815
2010-04-22,0.002061190765337388
2010-04-23,-0.0014556911742122356
2010-04-26,-0.000692230422113322
2010-04-27,0.0020133619139771105
2010-04-28,0.0017390301804580787
2010-04-29,-9.303299479918774e-05
2010-04-30,-0.0012060661037684153
2010-05-03,0.00024266654583814497
2010-05-04,9.911656200634023e-05
2010-05-05,0.001969246605930505
2010-05-06,-0.004186997904867222
2010-05-07,6.409056362891279e-05
2010-05-10,-0.0014398386934602536
2010-05-11,0.0008901146947756559
2010-05-12,-0.0007937292661752873
2010-05-13,-0.001023817785215045
2010-05-14,0.0012130618017186807
2010-05-17,-0.003253844380916291
2010-05-18,-0.002932020769996063
2010-05-19,-0.0005467523230844876
2010-05-20,0.001807279229867724
2010-05-21,-0.0005312539257910178
2010-05-24,0.0016445341548425017
2010-05-25,0.0023979411388865
2010-05-26,-9.215835917646283e-05
2010-05-27,-0.0013322657313195692
2010-05-28,-0.004292887011790456
2010-06-01,0.0009245165321765613
2010-06-02,-0.00025961864949536654
2010-06-03,0.002059484309826199
2010-06-04,-0.0022644992683233016
2010-06-07,-0.008244830283666961
2010-06-08,0.0008794853851396384
2010-06-09,0.004453208298427178
2010-06-10,-5.583705116383368e-05
2010-06-11,0.0010509776628194855
2010-06-14,-0.0008148950616382986
2010-06-15,-0.003914330751398674
2010-06-16,-0.0028893008848094523
2010-06-17,0.001896953217228081
2010-06-18,0.00015716184776568996
2010-06-21,0.00046285375813216685
2010-06-22,0.000235677793324843
2010-06-23,0.0010217363442210352
2010-06-24,-0.0015110259716688327
2010-06-25,0.003035544957775227
2010-06-28,0.00295450779427509
2010-06-29,0.003025590677125644
2010-06-30,0.00012850566701043392
2010-07-01,-0.0006195834372342168
2010-07-02,-1.1808851431449026e-05
2010-07-05,0.008613906795991621
2010-07-06,-0.0040910713381135805
2010-07-07,-0.0009326744306324131
2010-07-08,0.0017515928801409056
2010-07-09,-0.0011665411921786585
2010-07-12,-0.00026632813679838005
2010-07-13,-0.004510341188106762
2010-07-14,0.0013971636391857034
2010-07-15,0.001794704902242283
2010-07-16,-0.00032386931016907517
2010-07-19,-0.0024436621526972755
2010-07-20,0.0005652498008075261
2010-07-21,0.0008867197782187217
2010-07-22,-0.0026268706315910576
2010-07-23,0.0020375722052531527
2010-07-26,0.0025673893416884143
2010-07-27,0.0039798795936201
2010-07-28,-3.0124749112991987e-05
2010-07-29,-0.0011589615374991448
2010-07-30,0.0012618783043518945
2010-08-02,0.002864289768973597
2010-08-03,0.000644532023178214
2010-08-04,0.004640689224423983
2010-08-05,0.0009698040963793777
2010-08-06,-0.0013454555649995746
2010-08-09,0.0025198475814406326
2010-08-10,-0.0005664517808533519
2010-08-11,-0.0033844111315673737
2010-08-12,0.0005125525578680228
2010-08-13,-9.6649734022338e-05
2010-08-16,-0.0011912860685182412
2010-08-17,0.002496101021637104
2010-08-18,-0.00019060463782999393
2010-08-19,-0.00033609048000903923
2010-08-20,0.0029327754409650283
2010-08-23,-0.0004055160491204168
2010-08-24,0.0009733043471484519
2010-08-25,-0.0004492720258564716
2010-08-26,0.003921857433860462
2010-08-27,-0.002631869825547751
2010-08-30,0.001340459376813628
2010-08-31,0.001831574962771084
2010-09-01,0.0005519775258030924
2010-09-02,4.6360431659427505e-05
2010-09-03,-7.856562181945818e-05
2010-09-07,0.0015420953660728338
2010-09-08,4.1739639139945234e-06
2010-09-09,-0.0018886216107837023
2010-09-10,0.0005642006805387736
2010-09-13,-0.0018911809204413704
2010-09-14,0.001178524815269001
2010-09-15,-0.0027427895550230907
2010-09-16,-0.0017235098746934123
2010-09-17,0.001622227904301708
2010-09-20,-0.003254300623110606
2010-09-21,0.0014095450479496739
2010-09-22,-0.002860948333440383
2010-09-23,-1.5905208920677935e-05
2010-09-24,-0.0014261619032922743
2010-09-27,-0.0004279244089520624
2010-09-28,0.0008761236585814614
2010-09-29,0.0006192628210128583
2010-09-30,-0.00035628146321925827
2010-10-01,0.0007786621627609337
2010-10-04,-0.0011827572305896997
2010-10-05,0.0023024391348867427
2010-10-06,-0.0007093944895630725
2010-10-07,-0.0011578350750838184
2010-10-08,-9.387679903391331e-05
2010-10-11,0.001817816065981144
2010-10-12,-0.0001854369113649271
2010-10-13,0.0005397525198246261
2010-10-14,0.0027502872822249415
2010-10-15,0.001464396720131226
2010-10-18,-4.4710610759252794e-05
2010-10-19,0.0006247135915807569
2010-10-20,0.002450813541101536
2010-10-21,-0.0014696807563498962
2010-10-22,0.0011206591250028277
2010-10-25,0.005103893393280743
2010-10-26,-0.0015733476783935
2010-10-27,0.0008175431826326861
2010-10-28,-0.0003098992997090203
2010-10-29,0.000696321501963271
2010-11-01,0.0006064476798734461
2010-11-02,-0.00016099657988070205
2010-11-03,-0.0005278919363043842
2010-11-04,0.00037111034312504337
2010-11-05,0.004228087554998316
2010-11-08,-0.0008158788274785584
2010-11-09,0.0005447204055777034
2010-11-10,0.0026045831606713787
2010-11-11,-0.00093697417565391
2010-11-12,-0.0019695818512351355
2010-11-15,0.0007508190107379923
2010-11-16,-0.0013589611926311973
2010-11-17,-0.0016891018785972522
2010-11-18,0.0019592548670301618
2010-11-19,0.00017942595919634755
2010-11-22,-0.0010753352508457805
2010-11-23,-0.0031845857853549714
2010-11-24,5.2627647093155626e-05
2010-11-25,-0.0043229976546759205
2010-11-26,0.0019319313294678736
2010-11-29,4.6033051911055815e-05
2010-11-30,-0.003905607748220439
2010-12-01,-0.0003773964986299593
2010-12-02,-0.0009832749850369948
2010-12-03,0.0009819200734790105
2010-12-06,0.0003436293779942042
2010-12-07,0.0013849030749314602
2010-12-08,0.0006953126569469034
2010-12-09,0.0006385789827537718
2010-12-10,0.0016911009290242747
2010-12-13,0.0034616214148762052
2010-12-14,-0.0022940503367193904
2010-12-15,-0.004649183830181215
2010-12-16,-0.002101464336249737
2010-12-17,0.0017989213577512416
2010-12-20,-0.0023610111891197213
2010-12-21,0.0007977566734319598
2010-12-22,0.0005027220896325947
2010-12-23,6.624110440520806e-05
2010-12-24,0.017905516725802623
2010-12-27,-0.0009257400038227555
2010-12-28,-0.0034040745832790184
2010-12-29,-0.0001729753305228295
2010-12-30,-0.0002639247648628247
2010-12-31,0.0019284439126596184
2011-01-03,0.0004910867279625151
2011-01-04,0.00023279966195723372
2011-01-05,0.003034403701221394
2011-01-06,-0.0006608594028422989
2011-01-07,-0.00173041419462767
2011-01-10,0.0009021571198251475
2011-01-11,0.00016931484963622986
2011-01-12,-0.00037984849665347075
2011-01-13,0.000627938421009286
2011-01-14,1.0250201307092825e-05
2011-01-17,0.0011113317532232625
2011-01-18,-0.00013549260843682672
2011-01-19,0.0017856612852600892
2011-01-20,0.0007832466288443622
2011-01-21,-0.0026903082325172812
2011-01-24,-0.0027166367645422495
2011-01-25,-0.00340002628278274
2011-01-26,-0.003720486621414527
2011-01-27,-0.0015498695165052658
2011-01-28,0.00040734782173359953
2011-01-31,0.000828596558752276
2011-02-01,0.0016141259749921427
2011-02-02,0.0019268357735300436
2011-02-03,0.0014471471166324487
2011-02-04,0.0011886654019702021
2011-02-07,0.0014060915976782276
2011-02-08,-0.00013140045163218678
2011-02-09,0.0004593026129907816
2011-02-10,-0.000315403895320349
2011-02-11,-8.178760198603941e-05
2011-02-14,0.0030192650843786847
2011-02-15,0.0053337497603588154
2011-02-16,0.0011748484514233323
2011-02-17,-0.0005049179667511797
2011-02-18,-0.0004167678326408889
2011-02-22,-0.003038991949596192
2011-02-23,0.0035717199349089416
2011-02-24,-0.0007813347344703954
2011-02-25,0.00024111881994363243
2011-02-28,-0.0009335600148660501
2011-03-01,-0.0009219906836426398
2011-03-02,0.001669214019936105
2011-03-03,0.0026691610262018937
2011-03-04,0.0034008497403630747
2011-03-07,0.00171676710131149
2011-03-08,0.0010359617239552308
2011-03-09,0.0011251554917708498
2011-03-10,0.00046738420728010936
2011-03-11,0.0007508339256020365
2011-03-14,0.0009773941195328883
2011-03-15,-0.0007660984915714123
2011-03-16,0.0005402412120934005
2011-03-17,-0.001857600095186161
2011-03-18,0.0019123977616696485
2011-03-21,-0.0006639925280611846
2011-03-22,0.0018257518667402599
2011-03-23,-0.0010893384399837606
2011-03-24,-0.0008710749814077363
2011-03-25,0.00026253583838941425
2011-03-28,0.0027326892852462216
2011-03-29,-0.0012329722981611704
2011-03-30,-0.0007925874522724163
2011-03-31,0.0016622154574204582
2011-04-01,0.0014253532581053499
2011-04-04,-0.00171566309980737
2011-04-05,-0.0004496439487672605
2011-04-06,-0.0031477225160626153
2011-04-07,-0.0013045561254685077
2011-04-08,-0.002291359494052658
2011-04-11,-0.0019167151537898548
2011-04-12,-0.0020813154913587946
2011-04-13,0.0015421148609425892
2011-04-14,0.00019549219747484097
2011-04-15,0.0009462857935898048
2011-04-18,-0.0002823728812061467
2011-04-19,-0.00011419000623735483
2011-04-20,0.0009593828795579406
2011-04-21,0.0005709864117650275
2011-04-25,-0.002100388205335463
2011-04-26,-0.0006888249980651979
2011-04-27,0.0014243258860007135
2011-04-28,0.0026108634522409207
2011-04-29,0.0012189180082487513
2011-05-02,-3.382086140250439e-05
2011-05-03,0.0023847657300086968
2011-05-04,-0.0016878405887286053
2011-05-05,-0.0005242023053967393
2011-05-06,0.0010095297226738451
2011-05-09,0.0017709921957330449
2011-05-10,-0.0003718045144556487
2011-05-11,0.0013535700043853733
2011-05-12,0.00038192577734649476
2011-05-13,7.130661290595818e-05
2011-05-16,-0.00016333082683965864
2011-05-17,-0.000716844827559327
2011-05-18,-0.0008793166708552563
2011-05-19,0.0027433680428500546
2011-05-20,0.0018282311025076517
2011-05-23,0.0013979218609995094
2011-05-24,0.0010943325708373981
2011-05-25,0.0013011184952759658
2011-05-26,0.00237842018530153
2011-05-27,-3.3643383137108306e-05
2011-05-30,-0.00045505508336864163
2011-05-31,0.00201861373188857
2011-06-01,0.0015537401983713938
2011-06-02,0.0004001277985448011
2011-06-03,-0.0009971146086676683
2011-06-06,0.00011053672718550262
2011-06-07,-0.000339430664462886
2011-06-08,0.0026699004456864125
2011-06-09,0.00026761932561560964
2011-06-10,-0.004039076282856994
2011-06-13,0.00010406635069829694
2011-06-14,0.00020663520202844165
2011-06-15,0.0008466420930381381
2011-06-16,0.0023730222857818056
2011-06-17,-0.0009393448905844664
2011-06-20,0.0004623127087173302
2011-06-21,0.0015009612585588658
2011-06-22,-0.0013284344696271877
2011-06-23,-0.0011471280640888756
2011-06-24,-0.0013322730065721952
2011-06-27,-0.0011997605377866848
2011-06-28,0.0026773211227145866
2011-06-29,-0.002426156739831183
2011-06-30,-0.0007298028339352824
2011-07-01,-3.231131007949831e-06
2011-07-04,0.0003555424873584146
2011-07-05,-0.0017108382106645905
2011-07-06,0.0015432010835192964
2011-07-07,-0.0009251703985043709
2011-07-08,0.0007237060002707927
2011-07-11,0.0010350878726214752
2011-07-12,0.00107280948223635
2011-07-13,-0.0013333326780933092
2011-07-14,-0.0006889273691388549
2011-07-15,0.00098124195379533
2011-07-18,-0.00033575522556671713
2011-07-19,-0.0010349292525389786
2011-07-20,-0.002395641851872941
2011-07-21,0.0010073108935101211
2011-07-22,-0.0010022869397875553
2011-07-25,-0.001359510610642137
2011-07-26,0.0005895132567551577
2011-07-27,0.0016623273185488367
2011-07-28,0.0009501723577962488
2011-07-29,0.0010200538844711126
2011-08-01,-0.002314516377051808
2011-08-02,-0.0017864236956511592
2011-08-03,0.005822715296316391
2011-08-04,-0.00048516513727337894
2011-08-05,0.0031199001333577204
2011-08-08,0.0016787765243685684
2011-08-09,0.00014973697725021752
2011-08-10,-0.00017428848284281877
2011-08-11,-0.0035511428540676584
2011-08-12,-0.0020008284314702836
2011-08-15,0.0009656018676273985
2011-08-16,0.0006069798032811628
2011-08-17,0.0029589308404824686
2011-08-18,0.0030908944394086963
2011-08-19,-0.0003553128708332535
2011-08-22,0.0017408399844080608
2011-08-23,-0.0015887744860139524
2011-08-24,-0.0004795983400958947
2011-08-25,-0.0002972287919889385
2011-08-26,0.001195108605256694
2011-08-29,-0.003090878173230512
2011-08-30,-0.0028494765948948748
2011-08-31,-0.0010273698542817534
2011-09-01,-0.0008074507679115572
2011-09-02,-0.0017790368999407009
2011-09-06,0.003467540517833028
2011-09-07,-0.003063206736619839
2011-09-08,-0.0034839457426032614
2011-09-09,-0.0009328719560890867
2011-09-12,-0.000252700248306467
2011-09-13,-0.0011671617854478243
2011-09-14,0.005853219224980738
2011-09-15,0.0016542308927149521
2011-09-16,-0.0007617502032420359
2011-09-19,-0.000602947521567525
2011-09-20,0.0010158757432317442
2011-09-21,-0.004667967512319578
2011-09-22,0.0019872847742440575
2011-09-23,-0.0019489144295970345
2011-09-26,-0.0030341796940900746
2011-09-27,0.001612412966580278
2011-09-28,-0.0020711866663072056
2011-09-29,-0.0013361030446543845
2011-09-30,0.0044290054003209385
2011-10-03,0.004901344154840385
2011-10-04,0.0005262508347266737
2011-10-05,0.001233040208321968
2011-10-06,0.0005112854419762473
2011-10-07,0.002514294139885137
2011-10-10,0.0020952100346636458
2011-10-11,0.00020266825189275636
2011-10-12,-0.0011697772492834679
2011-10-13,-0.00043733613424742164
2011-10-14,-0.0008485393554780138
2011-10-17,0.002879437852409249
2011-10-18,-0.001137407473310044
2011-10-19,0.0009032025127111711
2011-10-20,0.0016214496091974443
2011-10-21,0.0025185178320505683
2011-10-24,0.00016141457525062916
2011-10-25,0.0024007406453796566
2011-10-26,-0.002677332438411206
2011-10-27,0.00036483142673169276
2011-10-28,0.0026207431506117037
2011-10-31,0.0011639640885669515
2011-11-01,-0.0025696879598624536
2011-11-02,-0.0018169772929959506
2011-11-03,0.0019522281779051258
2011-11-04,0.0003206404454272041
2011-11-07,0.0009378557402944697
2011-11-08,0.0010870670874095984
2011-11-09,0.001973358413884572
2011-11-10,0.001424026845603972
2011-11-11,1.5687407776130368e-05
2011-11-14,-0.00023337993643747067
2011-11-15,-0.0006222603110289985
2011-11-16,0.0011967339649898282
2011-11-17,-0.0001470352794956393
2011-11-18,0.0031272638003544736
2011-11-21,0.0034653269914159002
2011-11-22,0.0019837326320458265
2011-11-23,-4.617056019420815e-05
2011-11-24,0.0010486658335222246
2011-11-25,0.00356502316661021
2011-11-28,-4.920488414933812e-05
2011-11-29,0.003721847959394927
2011-11-30,0.0016392004590882689
2011-12-01,-0.0016100645536319513
2011-12-02,-0.0010150738544729906
2011-12-05,-0.00162894173943243
2011-12-06,0.0015449547953277887
2011-12-07,-0.000131244713849836
2011-12-08,0.003939228491316888
2011-12-09,0.0013566883147672283
2011-12-12,0.0005219651951459659
2011-12-13,-0.0002503822279093852
2011-12-14,-0.0009100086101078288
2011-12-15,0.0009066229513987859
2011-12-16,-0.0008283863771624341
2011-12-19,0.0025179640868096846
2011-12-20,-0.0033694400224490925
2011-12-21,0.0018272113097670291
2011-12-22,0.0010115614825141656
2011-12-23,0.0001696376912527259
2011-12-27,-0.0008245555293589959
2011-12-28,0.0009588952303963618
2011-12-29,0.0010826333331838312
2011-12-30,-0.0046223068826084105
2012-01-03,0.00022912229259651744
2012-01-04,0.0002172827685089796
2012-01-05,0.0030747191174953625
2012-01-06,0.0015225787442283891
2012-01-09,-0.0003041149820402276
2012-01-10,0.0018375844536200985
2012-01-11,0.0006244338583754278
2012-01-12,-0.0008089816841103139
2012-01-13,3.2472127150756934e-05
2012-01-16,0.0012932678932517168
2012-01-17,-0.0011753860747976163
2012-01-18,-0.00015352302678475386
2012-01-19,-0.000811412769192196
2012-01-20,-0.0023664548581107847
2012-01-23,-0.0016866539214360318
2012-01-24,0.0007781745509119241
2012-01-25,0.002397797988767996
2012-01-26,0.000669896356035067
2012-01-27,0.00044055498487817187
2012-01-30,0.001354402719694825
2012-01-31,0.004327648861125712
2012-02-01,0.0005917585292196615
2012-02-02,-0.0002870975754701157
2012-02-03,-0.001366392067994844
2012-02-06,0.0007410661194473338
2012-02-07,0.0012967222776442192
2012-02-08,-0.001668176570911568
2012-02-09,6.012629540681048e-05
2012-02-10,0.00023653454552334817
2012-02-13,0.000764538914983811
2012-02-14,-0.0020777543977992213
2012-02-15,-0.0005088232006723755
2012-02-16,0.0015813229418426542
2012-02-17,0.0031861531171794655
2012-02-21,-0.0005375895506097801
2012-02-22,-0.0007253192182104134
2012-02-23,0.00029492003004590733
2012-02-24,-0.00010426632543168723
2012-02-27,-0.00172847824748408
2012-02-28,0.00030348087303617305
2012-02-29,-0.0007069954510383714
2012-03-01,-0.0005475498248235084
2012-03-02,0.0034727397335292945
2012-03-05,0.004667811497027805
2012-03-06,-0.0007109878256634727
2012-03-07,2.7791361136833266e-05
2012-03-08,-0.0003005872279598053
2012-03-09,0.0029295765557028957
2012-03-12,0.0006539895390987948
2012-03-13,-0.00041803677170563743
2012-03-14,0.0021734723977303665
2012-03-15,-0.0005947317734403433
2012-03-16,0.00018526797495456134
2012-03-19,-0.0013425093461818197
2012-03-20,-0.003395953993069172
2012-03-21,-0.00017069249760125237
2012-03-22,-0.0002870807694642142
2012-03-23,0.0006636697535902065
2012-03-26,0.00038920288224889526
2012-03-27,-0.004865111597108504
2012-03-28,0.0012048923794298015
2012-03-29,-0.0005726375906242466
2012-03-30,-0.0014680878394839197
2012-04-02,0.0001493967032347418
2012-04-03,0.00014719073107156348
2012-04-04,-0.0024920193775528933
2012-04-05,0.0007498760105631547
2012-04-09,8.069007194448489e-05
2012-04-10,0.0012999950070261316
2012-04-11,0.00034040037576394506
2012-04-12,0.0006388127957132768
2012-04-13,-5.812298661659677e-05
2012-04-16,0.002031354645940682
2012-04-17,-0.000723447386995215
2012-04-18,0.0011981950671014602
2012-04-19,-0.0008693286383703556
2012-04-20,-0.002114587725325524
2012-04-23,-0.0004582460531312477
2012-04-24,0.0019245299171633387
2012-04-25,-0.0005353504626436711
2012-04-26,0.004011766212356551
2012-04-27,0.0008557623355087694
2012-04-30,0.0039999991481879426
2012-05-01,-0.0013204857694340726
2012-05-02,-1.0352644301527534e-05
2012-05-03,0.0023466272050767286
2012-05-04,0.0014502741075786314
2012-05-07,0.0014229097455403924
2012-05-08,0.0012334842994359688
2012-05-09,-9.0683045415776e-05
2012-05-10,-0.0002868617640120985
2012-05-11,-0.0004642998281788539
2012-05-14,-0.0009346387912067813
2012-05-15,-0.0034352503754363816
2012-05-16,-0.0021555418356876315
2012-05-17,0.0027032083772023357
2012-05-18,-0.00020932771137219448
2012-05-21,0.0006116623820504288
2012-05-22,-0.002132569479133354
2012-05-23,0.002800121369597109
2012-05-24,-0.0018926468902210583
2012-05-25,-0.0001087719474876035
2012-05-28,-0.0061926320427026765
2012-05-29,0.002738652301801283
2012-05-30,0.001254290276965516
2012-05-31,-0.0009255605207419647
2012-06-01,0.0005150956766767772
2012-06-04,0.0005045777167637497
2012-06-05,-0.003412639242073497
2012-06-06,0.002984961534862803
2012-06-07,-0.0010135309872912317
2012-06-08,0.00109976534599369
2012-06-11,-0.001065009847793709
2012-06-12,0.003000431846217536
2012-06-13,0.0010963658697579473
2012-06-14,-0.0011422184086872312
2012-06-15,0.0008939983876765326
2012-06-18,-0.0011667125266113711
2012-06-19,0.002252938987360102
2012-06-20,-0.003402528302322954
2012-06-21,0.0020302680175120495
2012-06-22,0.0011340293928445411
2012-06-25,0.0026833953105264603
2012-06-26,-0.002063368306671873
2012-06-27,-0.0010852477603045933
2012-06-28,0.0023978043670887044
2012-06-29,0.0006836494784401475
2012-07-02,-0.0007054246981764846
2012-07-03,0.00017585064455961184
2012-07-04,0.00010620271435987503
2012-07-05,0.0022510259375280563
2012-07-06,0.0008358360914856803
2012-07-09,-0.00023020585277458438
2012-07-10,0.0029474548633424066
2012-07-11,0.0030117336771602657
2012-07-12,-0.0006929100440438603
2012-07-13,-0.0023114978980414416
2012-07-16,-0.003322180208867811
2012-07-17,0.0008771295409777843
2012-07-18,0.0003365827251831071
2012-07-19,8.823484672162681e-06
2012-07-20,0.0009004301369018391
2012-07-23,-0.00016937662722710147
2012-07-24,-5.546714622855337e-05
2012-07-25,0.00206565208769738
2012-07-26,0.0004653149447436633
2012-07-27,-0.0006924406500672519
2012-07-30,-0.0010020985855702129
2012-07-31,-0.00023540272732510878
2012-08-01,-0.0006285997562099947
2012-08-02,0.001358568836595334
2012-08-03,0.00047897477939617733
2012-08-06,0.0028714900934622934
2012-08-07,0.0007128314861893448
2012-08-08,0.0003497860378484159
2012-08-09,-0.0026880431242889383
2012-08-10,-6.355449526337692e-05
2012-08-13,0.00030511910808401176
2012-08-14,0.00032840965913335564
2012-08-15,-0.0007698326217114278
2012-08-16,0.0008575275741806294
2012-08-17,-2.5034589402957597e-05
2012-08-20,-0.0012697750109105887
2012-08-21,0.0026775064488516664
2012-08-22,-0.0003805208449318231
2012-08-23,0.0019154995373377008
2012-08-24,-0.001100553584319249
2012-08-27,0.00030936948631982375
2012-08-28,-0.00016344560610693528
2012-08-29,-0.002890172582484128
2012-08-30,-0.001159729002177735
2012-08-31,-0.0010138724569017364
2012-09-04,0.003106894626430193
2012-09-05,0.00048522201459166923
2012-09-06,0.001986310768740603
2012-09-07,0.0013123462209881963
2012-09-10,0.0007580694453868919
2012-09-11,0.001384805330766643
2012-09-12,-0.0009605452605715978
2012-09-13,-0.0005116591484369149
2012-09-14,0.0018173278092495243
2012-09-17,0.0009163770513007376
2012-09-18,-0.00125701978103203
2012-09-19,0.0013542771080558783
2012-09-20,0.0028139688344364124
2012-09-21,0.0034327119091596505
2012-09-24,0.00026144023433256484
2012-09-25,0.001506943216275645
2012-09-26,-0.0007672565520724922
2012-09-27,0.0010835833030591667
2012-09-28,-0.0007758415690568307
2012-10-01,5.698197299941086e-06
2012-10-02,0.0019228441823743326
2012-10-03,-0.0010261446845709495
2012-10-04,-0.0011525186187555392
2012-10-05,-0.0012014157654888942
2012-10-08,-0.0005021869059360794
2012-10-09,0.0005091229122727527
2012-10-10,0.001477993107758196
2012-10-11,-0.0015608248159385105
2012-10-12,0.00045300690409682577
2012-10-15,-0.00046186724911722276
2012-10-16,0.002144407533080714
2012-10-17,0.0008289437941928941
2012-10-18,0.003049977395532069
2012-10-19,0.0008475713660921824
2012-10-22,-0.0003325866925145514
2012-10-23,-0.0029132832900131732
2012-10-24,-0.00387063103391168
2012-10-25,-0.001161702171236962
2012-10-26,-9.387622610615136e-05
2012-10-29,-1.901062588336044e-05
2012-10-30,-0.0007569017012194029
2012-10-31,-0.003469714707228771
2012-11-01,-0.0025219907445515675
2012-11-02,-0.0006495723758592043
2012-11-05,-0.0004289900641930289
2012-11-06,0.002493328107796692
2012-11-07,0.002029810392149064
2012-11-08,-0.0018890607482812383
2012-11-09,-0.0016662996532499405
2012-11-12,-7.619264362739139e-05
2012-11-13,0.002631784395983169
2012-11-14,0.0003562554559203804
2012-11-15,0.0029842593094601467
2012-11-16,0.0009371653608597188
2012-11-19,0.0009344287151589661
2012-11-20,-0.00034152086718350176
2012-11-21,5.8620761381737156e-05
2012-11-22,-0.0007976447389262417
2012-11-23,-0.000921908085387663
2012-11-26,0.001955985108709783
2012-11-27,-0.0013689003176517677
2012-11-28,0.0003340139661698648
2012-11-29,0.0006506794208677808
2012-11-30,-0.001966194733373785
2012-12-03,-0.0017030240819137703
2012-12-04,0.0017108828696162808
2012-12-05,0.0006908038669310476
2012-12-06,-8.520197598613823e-05
2012-12-07,-0.0012419026215017743
2012-12-10,0.0007959756594062177
2012-12-11,-0.0017686393910955724
2012-12-12,-0.0018551235595428586
2012-12-13,-0.0017510552476427284
2012-12-14,0.0022217654081438916
2012-12-17,-0.0008055656729088919
2012-12-18,0.001629631937956056
2012-12-19,0.0006223115395857995
2012-12-20,0.0018072853177473213
2012-12-21,-0.0007124841228742402
2012-12-24,-6.267111195508651e-05
2012-12-26,0.0006889503456590756
2012-12-27,-0.00033960680321378346
2012-12-28,-0.0020131664023883963
2012-12-31,-0.002790369562824773
2013-01-02,-0.0006910110455801155
2013-01-03,0.0012383992086673389
2013-01-04,0.0019501567901724632
2013-01-07,0.0011526958773208865
2013-01-08,0.0004317674150463265
2013-01-09,0.001701347594418362
2013-01-10,9.144959758995957e-06
2013-01-11,-0.0003110272484887502
2013-01-14,0.00036468025075252984
2013-01-15,-0.00066175797628293
2013-01-16,-7.567370877555079e-05
2013-01-17,-0.002219988212754879
2013-01-18,2.197778862641314e-05
2013-01-21,0.003846035144614772
2013-01-22,-0.000696979384086547
2013-01-23,-0.0025506148977117176
2013-01-24,0.0004081890677820375
2013-01-25,0.00033120191563878115
2013-01-28,0.0010063697942587673
2013-01-29,-0.000595371844927478
2013-01-30,-0.0006926248519133988
2013-01-31,-0.0030420725661453683
2013-02-01,0.0013833912081494962
2013-02-04,4.156287172858285e-05
2013-02-05,-0.000736558916020826
2013-02-06,0.000934683085228984
2013-02-07,-0.0014992920476190861
2013-02-08,0.0016566419004928517
2013-02-11,-0.002535162221137613
2013-02-12,0.00042913546545601404
2013-02-13,-0.001310039762667524
2013-02-14,-0.0023984587237260535
2013-02-15,0.0017577576592369755
2013-02-19,-0.0012008108958754457
2013-02-20,-0.0024594941970672557
2013-02-21,7.829923974536504e-05
2013-02-22,-0.001366168736942828
2013-02-25,0.00565254527534353
2013-02-26,0.002403857411181617
2013-02-27,-3.608580642275598e-05
2013-02-28,0.0009363716295185684
2013-03-01,0.00016164689118859394
2013-03-04,-0.0005769131878750229
2013-03-05,0.001491870340108348
2013-03-06,0.0040029799503650395
2013-03-07,0.002222381901680612
2013-03-08,-0.0009543663426869831
2013-03-11,-0.0014821545254461673
2013-03-12,-6.327669231839415e-05
2013-03-13,-0.0004870710241462493
2013-03-14,0.001271310005028464
2013-03-15,-0.00030999435818253817
2013-03-18,0.0020880432617106258
2013-03-19,0.00015902077101004146
2013-03-20,-0.0016773511217314978
2013-03-21,0.0008229940280778212
2013-03-22,0.002253989754737531
2013-03-25,0.002143920857898179
2013-03-26,-0.0002140593064457776
2013-03-27,0.0009078391007141082
2013-03-28,-0.00047511259193363256
2013-04-01,-0.0009319294380226819
2013-04-02,-0.0008062761705739511
2013-04-03,0.0009625469268392734
2013-04-04,-0.0009300346020737506
2013-04-05,0.00038596126457217167
2013-04-08,0.0010522737684880695
2013-04-09,-0.001171921911866098
2013-04-10,0.00016708257790316048
2013-04-11,-0.0010155481122536675
2013-04-12,0.003584306223201077
2013-04-15,-0.0010586523577469833
2013-04-16,-0.001537663718325615
2013-04-17,-0.002997637020603493
2013-04-18,0.0031687491498958538
2013-04-19,9.467242282994528e-05
2013-04-22,-0.001088164087449932
2013-04-23,0.002680572140758547
2013-04-24,0.005205062379256572
2013-04-25,0.0022484748073563327
2013-04-26,-0.0007680437537188617
2013-04-29,-0.0008885878298787535
2013-04-30,-0.0013557491598583872
2013-05-01,-0.0022214161436647367
2013-05-02,-0.0017360362216327413
2013-05-03,-0.007435985614707838
2013-05-06,0.0012979291734787975
2013-05-07,-0.0008938428534727424
2013-05-08,-0.0010304542350904077
2013-05-09,0.001364736896512851
2013-05-10,-0.00022031522118863843
2013-05-13,-0.001192703939707895
2013-05-14,0.0015166576358878613
2013-05-15,-0.0008620566098140413
2013-05-16,-0.0013743360012106768
2013-05-17,-0.001747973422867003
2013-05-20,-0.0005563118598881138
2013-05-21,0.00033692124185569043
2013-05-22,-0.000872613121073172
2013-05-23,-0.002204048004235408
2013-05-24,-4.169361732698109e-07
2013-05-27,0.002561032305745852
2013-05-28,-0.0005909216312260158
2013-05-29,-0.0022920576590036478
2013-05-30,0.0005046737719271839
2013-05-31,-0.0003134762413601613
2013-06-03,-0.0008999197033953302
2013-06-04,0.0023210960052718805
2013-06-05,0.002729596217401725
2013-06-06,0.0011430459931744343
2013-06-07,-0.00036433324602445287
2013-06-10,-0.0003328255730626593
2013-06-11,0.00033069467024155906
2013-06-12,0.0004226914731512856
2013-06-13,0.0006268777969556288
2013-06-14,0.00045945510262337394
2013-06-17,0.0011807268795161938
2013-06-18,-0.0006365915763325563
2013-06-19,-0.00023944084150485435
2013-06-20,0.0006250151633862375
2013-06-21,-0.00032142627317366737
2013-06-24,0.0005840720151282221
2013-06-25,0.0006955091279252968
2013-06-26,-0.0008032605040642549
2013-06-27,0.0016883601220375076
2013-06-28,0.000987839304450594
2013-07-01,0.0014974163461688658
2013-07-02,0.0005649842522530821
2013-07-03,8.522784821742321e-06
2013-07-04,-0.0017345635051566719
2013-07-05,-0.000582797532949352
2013-07-08,-0.0010500740531256525
2013-07-09,0.00035225168078197586
2013-07-10,0.0015860792649136039
2013-07-11,-0.0031090477594996235
2013-07-12,2.422613069804342e-05
2013-07-15,-0.00031716594864825186
2013-07-16,0.0011958211015884869
2013-07-17,-0.0012584651687692577
2013-07-18,-0.0001641557967615231
2013-07-19,-0.0012353196964872718
2013-07-22,-0.0025811227003324872
2013-07-23,0.002469735347649082
2013-07-24,-0.0022757857448415615
2013-07-25,-0.00047561002967607167
2013-07-26,0.001112386818835487
2013-07-29,-0.0031601388925240215
2013-07-30,-0.0015714633774938885
2013-07-31,-0.0005373408130574767
2013-08-01,0.0013318065799910054
2013-08-02,0.0007650013037163311
2013-08-05,0.001495829667502001
2013-08-06,0.00014229578751042462
2013-08-07,-0.0014119240614431769
2013-08-08,0.0002171024237734073
2013-08-09,0.000884366826362568
2013-08-12,0.000707991820994097
2013-08-13,0.0012337180637451365
2013-08-14,0.0015633304098985339
2013-08-15,-0.0013745645066848536
2013-08-16,-0.001545078529988602
2013-08-19,-0.0005059970618935022
2013-08-20,0.0019242206168157063
2013-08-21,0.0005013940484414209
2013-08-22,4.6072257431516075e-06
2013-08-23,0.0003712884149869313
2013-08-26,-0.005170402652925964
2013-08-27,0.0004630803338978619
2013-08-28,5.613184573304269e-05
2013-08-29,-0.0017678989370560573
2013-08-30,-0.001925550319801252
2013-09-03,0.0007885096329378137
2013-09-04,-0.0006498180444621421
2013-09-05,-0.00026538058720886916
2013-09-06,5.27257268600087e-05
2013-09-09,-6.983127869057557e-05
2013-09-10,-0.0007805120874419554
2013-09-11,-0.0036996881475521064
2013-09-12,0.0012150001478935888
2013-09-13,0.0005055874014357766
2013-09-16,-0.0002942292591994527
2013-09-17,-0.0012966211273959824
2013-09-18,-0.0005237493359458883
2013-09-19,0.0031430604297540236
2013-09-20,-0.0010724255424330886
2013-09-23,-0.0005049565149000623
2013-09-24,3.7654316411138856e-05
2013-09-25,-0.0009687475358993705
2013-09-26,-0.0008303995851342187
2013-09-27,0.0011437100423313468
2013-09-30,0.0006585097956472382
2013-10-01,-0.0006813458517924017
2013-10-02,-0.0005450858703893531
2013-10-03,-0.00040483200757781884
2013-10-04,-0.0005177262463283311
2013-10-07,0.0021530961861144296
2013-10-08,0.0010018511060176745
2013-10-09,0.002675552897152923
2013-10-10,0.0013885859143150223
2013-10-11,-0.0017346042046803617
2013-10-14,0.0016430300940364984
2013-10-15,0.0016753089418963265
2013-10-16,0.0029746988179362227
2013-10-17,0.0016227382369327615
2013-10-18,0.00031447826112537066
2013-10-21,0.0008063796946224438
2013-10-22,-0.002814727828387123
2013-10-23,-0.003509586799394485
2013-10-24,0.0018535410262141205
2013-10-25,0.00012725806108185251
2013-10-28,-0.00039368542156075794
2013-10-29,0.0010987582082196406
2013-10-30,-0.0009655521629343133
2013-10-31,0.00043518113725769954
2013-11-01,0.0009055823374746186
2013-11-04,-0.0005985288318484378
2013-11-05,-0.0011654115386097365
2013-11-06,0.001710951814795927
2013-11-07,0.0020401806604344232
2013-11-08,-0.00013742979067999625
2013-11-11,-0.0008637302122851296
2013-11-12,-0.0008845539313942465
2013-11-13,0.002523906448810876
2013-11-14,-0.003050983347827025
2013-11-15,-0.0009769305102289615
2013-11-18,-0.00041572807287463236
2013-11-19,3.415635899324911e-05
2013-11-20,0.002669320422236209
2013-11-21,0.0007832399341800717
2013-11-22,0.0015584894146943836
2013-11-25,0.00013764755047760454
2013-11-26,0.0008387391839147999
2013-11-27,1.5650509996100758e-06
2013-11-28,-0.00048584277253166624
2013-11-29,-0.0041930996388789875
2013-12-02,-0.003382705890795107
2013-12-03,0.0005562641720713693
2013-12-04,0.00026427528473317737
2013-12-05,0.0011707589456796137
2013-12-06,-0.001803132593518525
2013-12-09,-0.0015374588486595274
2013-12-10,-0.0023670836986938596
2013-12-11,-0.0004640281463735463
2013-12-12,-0.00017814668184630263
2013-12-13,-2.4708590579557827e-05
2013-12-16,-0.000845475472186719
2013-12-17,-0.0005143808766741578
2013-12-18,0.00156364525834575
2013-12-19,-0.0013615514363496393
2013-12-20,-0.001648223424907138
2013-12-23,0.0004787760661244742
2013-12-24,0.0005716980097087699
2013-12-26,-0.0003112616695670599
2013-12-27,0.00019016070698653633
2013-12-30,-0.0009985287274075984
2013-12-31,-0.0019131625492366175
2014-01-02,0.002487112604357633
2014-01-03,0.001234827596451964
2014-01-06,-0.00014153965075632696
2014-01-07,0.003565879668311449
2014-01-08,-0.001909165866726213
2014-01-09,0.002011932109145577
2014-01-10,0.0005910095852284615
2014-01-13,0.002404778474473289
2014-01-14,-0.002007754925496813
2014-01-15,-0.002588212490285614
2014-01-16,-0.00243318031030615
2014-01-17,0.00024000852787540812
2014-01-20,0.0002560621651438667
2014-01-21,-0.0016037139025562182
2014-01-22,-7.818669742180428e-05
2014-01-23,0.0011978411048760896
2014-01-24,-0.0016335173980372973
2014-01-27,0.002037461733402724
2014-01-28,0.0007210427630882271
2014-01-29,-0.0013576741838702397
2014-01-30,0.0009922241591602443
2014-01-31,0.0003030868680920073
2014-02-03,0.0024575680979272256
2014-02-04,-0.003181271641236591
2014-02-05,-0.00017097069717984733
2014-02-06,0.0006345332368611925
2014-02-07,0.0011852501584917992
2014-02-10,-0.00121381821664389
2014-02-11,-0.0008612809050190464
2014-02-12,-0.0007905523352865814
2014-02-13,0.0002628853895534606
2014-02-14,-0.0017103662433825065
2014-02-18,-0.00018831959728821438
2014-02-19,-0.0020846856107724406
2014-02-20,0.0003099585287394377
2014-02-21,0.002649774110655223
2014-02-24,-0.0012883616216437619
2014-02-25,0.00033518824634626206
2014-02-26,-0.0004355670339285043
2014-02-27,0.0003334546827793958
2014-02-28,0.0016469038625284622
2014-03-03,-0.0003005438853236563
2014-03-04,-0.0002694849632278115
2014-03-05,-0.0009088677010432547
2014-03-06,0.00010691291424632889
2014-03-07,-0.00219965061582216
2014-03-10,0.00030016624511593226
2014-03-11,0.002108813892885321
2014-03-12,-0.00028021264867558754
2014-03-13,0.0012148494520197207
2014-03-14,-0.0012089592112305978
2014-03-17,-0.0008316696039761946
2014-03-18,0.0010632615321811804
2014-03-19,0.0007023159131988308
2014-03-20,-0.0035212610177381472
2014-03-21,0.0005518916901688996
2014-03-24,-0.00026712643509414617
2014-03-25,-0.0002648035041608244
2014-03-26,-0.00032124847422925303
2014-03-27,0.0002821475656956902
2014-03-28,0.0029006052312611826
2014-03-31,0.0012424394748697287
2014-04-01,-0.001487545044092851
2014-04-02,-0.0020893683110371785
2014-04-03,-0.0010532637911128792
2014-04-04,-0.0010191490168676813
2014-04-07,0.0017123703394814832
2014-04-08,-0.0009096123353150431
2014-04-09,0.0006665162353292572
2014-04-10,-0.0008541775336289394
2014-04-11,0.0017460764072001276
2014-04-14,-0.0005305733281527646
2014-04-15,0.0010411899653633204
2014-04-16,0.00037877577789735464
2014-04-17,0.0002929143506310925
2014-04-21,0.0017280254836805925
2014-04-22,-0.0007991405632621882
2014-04-23,0.000667046908501136
2014-04-24,-0.0016363941930379218
2014-04-25,-0.00015655162397684778
2014-04-28,0.0004880677990163599
2014-04-29,0.0005487420058933694
2014-04-30,0.0016649638618502708
2014-05-01,-0.0019754150973921598
2014-05-02,0.001140294112810692
2014-05-05,0.0003925869261817527
2014-05-06,-0.0008307343786946054
2014-05-07,-0.0009809106628381784
2014-05-08,-0.0022077738661914373
2014-05-09,-1.0853114258135572e-05
2014-05-12,0.0006005642773365931
2014-05-13,-0.0005527427556609865
2014-05-14,0.00017655864653156965
2014-05-15,0.002860370353970817
2014-05-16,0.0003403581179698493
2014-05-19,-0.0004495515909028458
2014-05-20,-0.0005958917928168921
2014-05-21,-0.0004847164273589945
2014-05-22,0.0004201034772945479
2014-05-23,1.2327855363487784e-05
2014-05-26,-0.0023911417435139985
2014-05-27,-0.0003670120926169733
2014-05-28,0.00014897582025695999
2014-05-29,0.001560568242055099
2014-05-30,-0.0002670133729021259
2014-06-02,-0.0017518526743514687
2014-06-03,0.0016619318232041847
2014-06-04,0.001420807212834911
2014-06-05,0.00016434804109214003
2014-06-06,0.001841411364727012
2014-06-09,-0.0002587258671044164
2014-06-10,0.0006364833988268799
2014-06-11,0.0005049828841731023
2014-06-12,0.0022127615757665427
2014-06-13,0.0020826427171364323
2014-06-16,1.655956223801499e-05
2014-06-17,-0.0011256294493891383
2014-06-18,0.0021516029985594884
2014-06-19,0.0008387816032387434
2014-06-20,0.0014626693328909234
2014-06-23,-0.0005356448836814108
2014-06-24,0.0001625338399347618
2014-06-25,0.0012367363321764988
2014-06-26,6.277509751296119e-05
2014-06-27,0.0014834872686680402
2014-06-30,-0.0016792959944851964
2014-07-01,-0.002711085200433754
2014-07-02,-0.001306525155063123
2014-07-03,-3.5133116224240254e-06
2014-07-04,0.0024280462474356524
2014-07-07,-0.0011077731769332058
2014-07-08,-0.0007120755741349474
2014-07-09,-0.0014050213081259631
2014-07-10,5.899169998402351e-05
2014-07-11,0.0011022052666795298
2014-07-14,-0.0016302687298099154
2014-07-15,-0.00034830940469328907
2014-07-16,0.0010235649467176852
2014-07-17,0.0003389449405982028
2014-07-18,0.0019770066794588524
2014-07-21,-0.0008024200458116016
2014-07-22,-0.0007763509333457664
2014-07-23,0.0013938055859790968
2014-07-24,-0.001208909429642631
2014-07-25,-0.00024641006529649626
2014-07-28,7.94168859187906e-05
2014-07-29,-0.0001730356434051526
2014-07-30,0.0025582715407569444
2014-07-31,-0.004045422551962137
2014-08-01,0.0008652040181193871
2014-08-04,0.003959281333180881
2014-08-05,0.0021639006339910553
2014-08-06,0.001527710720427799
2014-08-07,-0.000618361721959253
2014-08-08,0.0017540863065985607
2014-08-11,0.0007143144953452819
2014-08-12,-0.0005341380503969442
2014-08-13,0.0008798999901105994
2014-08-14,0.0016724254031820769
2014-08-15,0.0028033876007487087
2014-08-18,-0.00019244146637258883
2014-08-19,0.0006000328480748837
2014-08-20,0.0014739344616719735
2014-08-21,0.0004416671531409925
2014-08-22,-0.000940734205262522
2014-08-25,0.0017452209374768462
2014-08-26,0.0018939933850274505
2014-08-27,1.3646395819637996e-05
2014-08-28,-0.0011437098653266481
2014-08-29,0.0011430798644592153
2014-09-02,0.0007339328671431266
2014-09-03,-0.00011759907112229682
2014-09-04,0.00020319775230416237
2014-09-05,0.0009038478996221426
2014-09-08,0.0014210463989676471
2014-09-09,-0.0006875326661279278
2014-09-10,9.44320702993386e-05
2014-09-11,-0.002424977527967051
2014-09-12,0.0010590578659325917
2014-09-15,0.0014266116109468996
2014-09-16,-0.00044985698371356286
2014-09-17,0.0010186335869141797
2014-09-18,-8.835154005192605e-05
2014-09-19,-0.0015568993538248891
2014-09-22,0.0002572087337975769
2014-09-23,-0.0013552638202751419
2014-09-24,0.0005696673708219017
2014-09-25,0.0008988975160684737
2014-09-26,0.0007151490031304202
2014-09-29,0.0015067302834708717
2014-09-30,-0.002520769398157155
2014-10-01,0.0009073857660796378
2014-10-02,-0.0008813305533741008
2014-10-03,0.0011861947839387579
2014-10-06,-0.000727172814758599
2014-10-07,0.0004674696655818817
2014-10-08,-0.0019038058904075907
2014-10-09,-0.001146237564219423
2014-10-10,0.002999063684105979
2014-10-13,-0.0012366698725627483
2014-10-14,-0.0007745102953339799
2014-10-15,0.001555048355736408
2014-10-16,0.0027386011635015667
2014-10-17,0.0006723323873072402
2014-10-20,0.000591186590904522
2014-10-21,0.0009157116343016584
2014-10-22,-0.0017622609912629765
2014-10-23,-0.00028482765322622976
2014-10-24,0.0004391133914355045
2014-10-27,-0.0005087553599436895
2014-10-28,0.0032536072056193
2014-10-29,0.00012039863815459516
2014-10-30,0.0021417821435683656
2014-10-31,0.0029795317181615976
2014-11-03,0.0031316412684810058
2014-11-04,-0.001713242572911617
2014-11-05,0.00012238425824234787
2014-11-06,-4.8044750859778124e-05
2014-11-07,-0.0009685285886522664
2014-11-10,0.002017907228700656
2014-11-11,-0.0008490287448881309
2014-11-12,0.0008552357635044779
2014-11-13,0.00011294634516936938
2014-11-14,0.0016017955868302411
2014-11-17,0.000875829611696395
2014-11-18,-0.0013223780323099617
2014-11-19,0.0007203188028035155
2014-11-20,0.001020419814609912
2014-11-21,0.00034415796034952505
2014-11-24,0.001279628683139123
2014-11-25,-0.0034928689951206297
2014-11-26,-4.868277288540503e-06
2014-11-27,0.0022255497659621174
2014-11-28,0.0017944112440770753
2014-12-01,-0.002746623634754298
2014-12-02,-0.0020464027428569545
2014-12-03,-0.0004651325356830132
2014-12-04,0.0005491650376475596
2014-12-05,0.0011285123698008884
2014-12-08,-0.0006957136367601091
2014-12-09,0.0013104632471190158
2014-12-10,0.0028691186973101674
2014-12-11,0.001557019822594505
2014-12-12,0.001812416311320317
2014-12-15,0.0027518978511055026
2014-12-16,0.0015436063691837408
2014-12-17,-0.0004036467755989628
2014-12-18,-0.0007703755198114602
2014-12-19,0.0015496796841914246
2014-12-22,-0.001068870543366616
2014-12-23,-0.0007514823443995456
2014-12-24,-0.0007983295579937531
2014-12-26,0.0019399331055839917
2014-12-29,-0.00010731722711974521
2014-12-30,0.0006212146488286153
2014-12-31,-0.0002467267000481064
2015-01-02,0.0006800449479429699
2015-01-05,-0.00022577980315121373
2015-01-06,0.001707717298998083
2015-01-07,0.0008100869718706714
2015-01-08,-0.001291295401203503
2015-01-09,0.0003272216878864335
2015-01-12,-0.0008316324484535361
2015-01-13,-0.0012893292684432614
2015-01-14,-0.0005067195985902205
2015-01-15,0.0013407866703309605
2015-01-16,-3.304570041908624e-06
2015-01-19,0.0015416186105855164
2015-01-20,7.731099207235008e-05
2015-01-21,0.0033361078611516895
2015-01-22,-0.000952758119176834
2015-01-23,-0.001658408774942131
2015-01-26,0.0019409942577402696
2015-01-27,0.001808109390265889
2015-01-28,-0.004321381408783824
2015-01-29,0.002109074889572921
2015-01-30,5.8260164938534674e-05
2015-02-02,0.004467546444797717
2015-02-03,9.838242670236449e-05
2015-02-04,-0.002845969593772176
2015-02-05,-0.0011660500188097535
2015-02-06,0.0007978751391571721
2015-02-09,4.365024953841283e-05
2015-02-10,9.419749076445519e-05
2015-02-11,-0.0017181447227453276
2015-02-12,-0.0018686833581124844
2015-02-13,0.00025038560778509276
2015-02-17,0.0009680580068201665
2015-02-18,-0.0012691504142403548
2015-02-19,-0.001080558200898181
2015-02-20,0.002384358843042834
2015-02-23,0.00022920006329846991
2015-02-24,0.0006826625646889327
2015-02-25,-0.002579050852133654
2015-02-26,-0.000453731496019248
2015-02-27,4.346473682721318e-05
2015-03-02,9.534248442532233e-05
2015-03-03,0.0012135264634304823
2015-03-04,-0.0001224399823772465
2015-03-05,0.003224562471124839
2015-03-06,0.0002968397786251367
2015-03-09,-0.002543573805118534
2015-03-10,0.0017469309708637196
2015-03-11,-0.0002601553646118881
2015-03-12,0.0021129902582955537
2015-03-13,-0.0037287855242779102
2015-03-16,0.00017195223298431024
2015-03-17,0.001397178245630282
2015-03-18,-0.0007980789851050496
2015-03-19,1.4129111115740293e-05
2015-03-20,-0.0023887950432403423
2015-03-23,-0.001093980331611151
2015-03-24,0.0014983161158129959
2015-03-25,0.000909330089292581
2015-03-26,-0.0002547285598948068
2015-03-27,-0.0010202936937406745
2015-03-30,-0.0026629479583898806
2015-03-31,-0.00043680976669690716
2015-04-01,0.0020249758847604863
2015-04-02,0.00012623378834186608
2015-04-06,-0.0014693135377633045
2015-04-07,-0.0021464249540597943
2015-04-08,-0.0013829282563785066
2015-04-09,-0.0023159201155602688
2015-04-10,-0.0011944625596311419
2015-04-13,-0.002960482100518731
2015-04-14,-0.00274641944941542
2015-04-15,0.002298650210959884
2015-04-16,-3.1405353301816054e-05
2015-04-17,0.0024309896678981597
2015-04-20,-0.0018396712082746158
2015-04-21,0.00012869949316540876
2015-04-22,0.0008261938850885912
2015-04-23,-0.0008485786595897279
2015-04-24,-0.0013470183480324112
2015-04-27,0.0014784624680393705
2015-04-28,-0.0016638621643248694
2015-04-29,0.002279529958138938
2015-04-30,-0.0020481821422770005
2015-05-01,-0.0005643065446575843
2015-05-04,0.0010197392788690452
2015-05-05,-0.0002768067683241156
2015-05-06,-0.0005294897517561858
2015-05-07,-0.002627582050577249
2015-05-08,0.000942458352134679
2015-05-11,0.00047485222382336343
2015-05-12,-0.0021262118841544756
2015-05-13,-0.001246552563482896
2015-05-14,0.0021120646181206366
2015-05-15,-0.0004359327451385949
2015-05-18,0.0011039650744757005
2015-05-19,0.0008530727002008393
2015-05-20,-0.001252393523849104
2015-05-21,-0.0011568134408149547
2015-05-22,1.347507797268074e-05
2015-05-25,0.0025967830417041576
2015-05-26,0.003497135921366245
2015-05-27,-0.001588065541506238
2015-05-28,0.002606374438636021
2015-05-29,-0.0002705046440698224
2015-06-01,-0.004371813800129849
2015-06-02,0.0008265485541631218
2015-06-03,-0.0006703239489758482
2015-06-04,-0.0002904823673120473
2015-06-05,8.457525953123814e-05
2015-06-08,-0.001040166205447886
2015-06-09,0.0002850730738077471
2015-06-10,-9.063044920222941e-05
2015-06-11,-0.0008881797283534908
2015-06-12,5.6105180679904434e-05
2015-06-15,-0.00045888372941709345
2015-06-16,-0.0005947973424369657
2015-06-17,-0.0008964532166147148
2015-06-18,0.00012084742149005796
2015-06-19,-0.00015789206785088322
2015-06-22,4.022832630323883e-05
2015-06-23,-0.0006244044937623079
2015-06-24,3.6012139948329706e-06
2015-06-25,-0.0011070056258123246
2015-06-26,-0.0011767834399913813
2015-06-29,-0.00042146487830177883
2015-06-30,0.000586618145963803
2015-07-01,0.0015786021166372382
2015-07-02,-5.799389791831104e-07
2015-07-03,-0.00016388975865449943
2015-07-06,-1.2332026896396233e-05
2015-07-07,-0.00039228726178960893
2015-07-08,0.0005390567147941444
2015-07-09,0.0025705985226906055
2015-07-10,0.0005174185527962436
2015-07-13,0.0009458683657965998
2015-07-14,0.0014937902262754327
2015-07-15,-0.00039730510126906695
2015-07-16,-0.00033888181376398986
2015-07-17,7.078141068604508e-05
2015-07-20,0.0003861907826270685
2015-07-21,0.0027503615426672547
2015-07-22,-0.004362517354301705
2015-07-23,-0.0003096908454414424
2015-07-24,0.000293943658478406
2015-07-27,0.001453736300542292
2015-07-28,0.002994730728490241
2015-07-29,-0.0006892093545648719
2015-07-30,0.0015164882514784358
2015-07-31,0.003296130700966294
2015-08-03,0.0008819467953030388
2015-08-04,0.00457406275037584
2015-08-05,-0.00036500137468321197
2015-08-06,0.0028907361650677074
2015-08-07,-0.0014828489277925675
2015-08-10,-0.00016665001416593198
2015-08-11,-0.0016420898444593425
2015-08-12,0.0006646218182528403
2015-08-13,-0.002006590355603647
2015-08-14,-0.0009986905824461002
2015-08-17,0.0015935455791083165
2015-08-18,0.0012304300241898995
2015-08-19,0.0010587080685766888
2015-08-20,-0.0019884726933785462
2015-08-21,-0.002107177782848452
2015-08-24,0.0020847707692581213
2015-08-25,0.004507305252498822
2015-08-26,-0.005464759405161532
2015-08-27,0.0007681841376796474
2015-08-28,0.00011770141187195863
2015-08-31,-0.0010977425024114571
2015-09-01,0.0006801452512039115
2015-09-02,0.0009166082687025187
2015-09-03,-0.0013791568790536986
2015-09-04,0.00029628584986459566
2015-09-08,-0.003177014867610567
2015-09-09,-2.509754418052835e-05
2015-09-10,-0.0015428333515602756
2015-09-11,0.00016232964450584026
2015-09-14,0.0033066497958330592
2015-09-15,0.0034246438930337583
2015-09-16,0.0004110111525176259
2015-09-17,0.003736434916408563
2015-09-18,-0.0036824769132878473
2015-09-21,0.0009677105054673979
2015-09-22,0.0033874930576774896
2015-09-23,-0.00034847268558176937
2015-09-24,-0.0005533323361310062
2015-09-25,0.00043658548653591905
2015-09-28,0.0013742683145196188
2015-09-29,0.003123946141363687
2015-09-30,0.0029567283992121165
2015-10-01,-0.0005400761836335239
2015-10-02,-0.0008353470651842901
2015-10-05,-0.0038235570039878027
2015-10-06,-0.001127807014726349
2015-10-07,0.002156731574968108
2015-10-08,-0.0006713906012699264
2015-10-09,0.00012401058337093085
2015-10-12,0.0006592577936259383
2015-10-13,-0.0020379050157126755
2015-10-14,-0.000487441203474856
2015-10-15,0.0020933065397934136
2015-10-16,-0.0002684176219531738
2015-10-19,0.0008598522767085376
2015-10-20,0.0018516406089491935
2015-10-21,-0.0016224271116249752
2015-10-22,0.001755206419485707
2015-10-23,0.0006818508723428617
2015-10-26,0.0010927947219316007
2015-10-27,-0.0028078751687578654
2015-10-28,1.6599771385277006e-05
2015-10-29,-0.0009616642747524854
2015-10-30,0.0013816265898352032
2015-11-02,-0.0008701272174293252
2015-11-03,-0.00010801293275312929
2015-11-04,0.0026130027630979907
2015-11-05,-0.000537305290072138
2015-11-06,-0.0021307352811581947
2015-11-09,0.0004958751984702919
2015-11-10,0.002784827152313026
2015-11-11,0.0007391679021461719
2015-11-12,-0.003217221081772338
2015-11-13,-3.398302169272511e-05
2015-11-16,0.0027624361927389048
2015-11-17,0.001993937751772668
2015-11-18,-0.0008841315679846071
2015-11-19,-0.0032207872986217746
2015-11-20,0.002963836482574696
2015-11-23,-0.004577533470561578
2015-11-24,0.0017677523233800882
2015-11-25,-1.267447453874582e-05
2015-11-26,-0.0011054497904865999
2015-11-27,0.0015005362715668513
2015-11-30,0.0008936054259045091
2015-12-01,-0.0013128940744350048
2015-12-02,-0.0003171489307994684
2015-12-03,0.001962463104524431
2015-12-04,-0.00048543524388686057
2015-12-07,0.0026132031404924837
2015-12-08,-0.005729599746888489
2015-12-09,0.00021461557979955302
2015-12-10,0.001243751750646157
2015-12-11,-0.00355573991997284
2015-12-14,-0.0007038136335336374
2015-12-15,0.0014231147062527677
2015-12-16,-0.0007902011578911799
2015-12-17,0.0013010737184105487
2015-12-18,0.0002100889678650331
2015-12-21,-0.001302977094394173
2015-12-22,-0.001075699246026839
2015-12-23,0.0008294976232801558
2015-12-24,0.001247662312851378
2015-12-28,0.0006250777041138979
2015-12-29,0.0022079805225840576
2015-12-30,0.0019374635252296251
2015-12-31,-0.0026992950203646557
2016-01-04,0.001838873068162316
2016-01-05,0.0031697251183168277
2016-01-06,-0.0017586966505362752
2016-01-07,-0.00010474825780040786
2016-01-08,-0.0010742698377411075
2016-01-11,-0.003040767002575815
2016-01-12,0.004622653008954636
2016-01-13,-0.0024245921192943432
2016-01-14,-0.0001881962600959416
2016-01-15,-2.065040169056411e-06
2016-01-18,0.001230508694072477
2016-01-19,0.0007471242071121187
2016-01-20,-0.0006241611216924331
2016-01-21,-0.0016849195987150463
2016-01-22,-7.3144528749589065e-06
2016-01-25,0.0019720008297722928
2016-01-26,0.0013640463938931575
2016-01-27,0.0035092342681375148
2016-01-28,-0.0005225959062468012
2016-01-29,0.0030443497284188656
2016-02-01,0.00015924068626989015
2016-02-02,0.0018881347012563701
2016-02-03,-0.0001195702605301511
2016-02-04,0.006621572022232687
2016-02-05,0.0013166251245751576
2016-02-08,-0.0031105314357688357
2016-02-09,-0.0008220931330090776
2016-02-10,-0.002424298755580914
2016-02-11,0.0011611788686889286
2016-02-12,6.884791643154038e-05
2016-02-16,-0.003303709639104632
2016-02-17,-0.0007039793722225953
2016-02-18,0.0008800546406816235
2016-02-19,0.003898867159745317
2016-02-22,0.0002007891935650757
2016-02-23,0.0010204648864654124
2016-02-24,-0.002208463415465922
2016-02-25,0.0045671813503412794
2016-02-26,-0.0013440042004420924
2016-02-29,0.002562108982871337
2016-03-01,-0.0026807189017490195
2016-03-02,0.0009153774129113744
2016-03-03,-0.0044722726165770995
2016-03-04,-0.002087815967155975
2016-03-07,0.000409708590314993
2016-03-08,0.0005697676417670411
2016-03-09,-0.001211769867644943
2016-03-10,0.0005203917325804684
2016-03-11,-0.001886744684375399
2016-03-14,0.0002974685169683101
2016-03-15,0.0007543127853717115
2016-03-16,-0.0019977440357519024
2016-03-17,0.0002258149426900022
2016-03-18,-0.0003599122290017884
2016-03-21,0.000558295023545347
2016-03-22,0.00015989059934761726
2016-03-23,-0.0008182868432055978
2016-03-24,-0.00025999795084498384
2016-03-28,0.0013179862422145255
2016-03-29,0.0005312065423081131
2016-03-30,-0.00028736954586524015
2016-03-31,-0.0002582853985060036
2016-04-01,-0.0008601256914378782
2016-04-04,0.0008085222809691057
2016-04-05,-0.002112590632898147
2016-04-06,-0.000980811747104073
2016-04-07,0.0025293288018277413
2016-04-08,-0.0017656701326179696
2016-04-11,-0.005478153147285062
2016-04-12,-0.0006586819329685656
2016-04-13,0.0005303182665955462
2016-04-14,0.0012044228387676063
2016-04-15,-0.00037217088760867537
2016-04-18,0.0007643560563662742
2016-04-19,-0.00024868060876782514
2016-04-20,3.388865325746921e-05
2016-04-21,7.435674976268442e-05
2016-04-22,0.00039716515804969345
2016-04-25,-0.0006204311727875463
2016-04-26,0.0007818825790984577
2016-04-27,0.0009820945755383411
2016-04-28,3.763287788977564e-05
2016-04-29,0.00028857593256982096
2016-05-02,0.004129839086573041
2016-05-03,-0.0012075843655735426
2016-05-04,-0.0007070524713971879
2016-05-05,0.0032022434854656365
2016-05-06,-0.002492640814873797
2016-05-09,-0.0004788516579726763
2016-05-10,0.004046043263964348
2016-05-11,-0.0006957619590683332
2016-05-12,-0.001981846029403691
2016-05-13,0.0007118866438684541
2016-05-16,0.0010217399236183873
2016-05-17,0.001469942855325619
2016-05-18,-0.0015503386543015826
2016-05-19,0.0002614903368865628
2016-05-20,-0.0006189315167849178
2016-05-23,0.003231262393368195
2016-05-24,0.0011282963121081952
2016-05-25,0.0016998811451002349
2016-05-26,0.00037224303740744375
2016-05-27,0.00014906468638351222
2016-05-30,-0.0005531595457871413
2016-05-31,0.0004717433724306411
2016-06-01,-0.0009041402692614697
2016-06-02,0.0003384974376940759
2016-06-03,0.0013461733399862076
2016-06-06,-0.00037887424797194047
2016-06-07,-0.0008659212716733161
2016-06-08,-0.00024092188639882154
2016-06-09,0.0005466020087861288
2016-06-10,0.0008189355665651836
2016-06-13,0.0011799162375258603
2016-06-14,0.0007899306945366039
2016-06-15,-0.0016211066910078466
2016-06-16,0.0009026960834100774
2016-06-17,-0.00029774001234748827
2016-06-20,0.001941471618425688
2016-06-21,0.00039967179753750716
2016-06-22,0.0007539415246005873
2016-06-23,0.0025951630511495643
2016-06-24,-0.00023581212965171727
2016-06-27,0.001505602919102192
2016-06-28,-0.0008888072518276795
2016-06-29,0.0010982029610026374
2016-06-30,0.0007093425367326107
2016-07-01,4.628075966847264e-06
2016-07-04,-0.001052889144788573
2016-07-05,0.00040651835981810524
2016-07-06,-0.000781078043283219
2016-07-07,0.0010112078988472888
2016-07-08,-6.802441251490155e-05
2016-07-11,0.001798168101366481
2016-07-12,-0.00041571477161898173
2016-07-13,-0.0001358407115069847
2016-07-14,0.00029239158579509616
2016-07-15,0.000624361728285315
2016-07-18,-0.000580142694402207
2016-07-19,0.002118896510531105
2016-07-20,0.00018383805060692942
2016-07-21,-0.0016180213408736018
2016-07-22,0.00019818148918387718
2016-07-25,0.0014748131040467616
2016-07-26,-0.0005490120612605623
2016-07-27,0.0006873881922921939
2016-07-28,0.0024194205752490305
2016-07-29,-0.001150023760799263
2016-08-01,0.0017528723536152043
2016-08-02,0.0005401304653693841
2016-08-03,0.0012974498224594374
2016-08-04,0.00028722831961037034
2016-08-05,-0.0013056722416477501
2016-08-08,-0.0003169247283511277
2016-08-09,0.0013725475985619897
2016-08-10,0.0001699512290691289
2016-08-11,-0.0008715762341414303
2016-08-12,-0.00011395249642317178
2016-08-15,0.0008190893087124339
2016-08-16,0.0006645403856493586
2016-08-17,-0.0013676042314138056
2016-08-18,-0.00013523867297830577
2016-08-19,0.0004695346795982924
2016-08-22,0.0010287359391443493
2016-08-23,-0.0003218973402980379
2016-08-24,-0.00029122000873597995
2016-08-25,-0.00014825043703603795
2016-08-26,7.129204759430418e-06
2016-08-29,9.952438944233226e-05
2016-08-30,-0.001084820393106463
2016-08-31,-0.0008353857403351841
2016-09-01,0.00013301137575104653
2016-09-02,-0.0012300977307601949
2016-09-06,-0.002850917901983523
2016-09-07,0.00032610703221046006
2016-09-08,5.90622891729933e-05
2016-09-09,0.001648728679459568
2016-09-12,0.0018158644767033508
2016-09-13,0.002116602976426681
2016-09-14,-0.00010230197131789142
2016-09-15,0.0012307179522585631
2016-09-16,0.00022177612051700292
2016-09-19,0.0009639978961977131
2016-09-20,0.0002258718434503013
2016-09-21,0.00020360303684050418
2016-09-22,-0.00193790198184323
2016-09-23,0.00039266796296068306
2016-09-26,0.00047073919999290025
2016-09-27,-0.0007106949156496493
2016-09-28,-0.0014497166987314754
2016-09-29,2.8210634432176258e-05
2016-09-30,0.0006125343763605633
2016-10-03,0.0002725970822695951
2016-10-04,0.001495521591831085
2016-10-05,-0.0003782952616391741
2016-10-06,0.0006671606715831866
2016-10-07,3.180676779558183e-05
2016-10-10,0.0002011157943477026
2016-10-11,0.0010114427050905163
2016-10-12,7.075105943529932e-05
2016-10-13,-0.0009260772151739524
2016-10-14,0.000792255580814985
2016-10-17,4.052873314647535e-07
2016-10-18,0.0014278248776926415
2016-10-19,-0.0006226788567886736
2016-10-20,-0.002491601016862811
2016-10-21,-0.00024144473488559829
2016-10-24,0.002062864640018566
2016-10-25,-0.0013043415078666503
2016-10-26,0.0014291954772624072
2016-10-27,0.0003381219131920434
2016-10-28,0.001009224235041209
2016-10-31,-0.00013635037847496614
2016-11-01,0.0005085589046462851
2016-11-02,8.75120695775786e-05
2016-11-03,-0.0028819640382440476
2016-11-04,0.0009717868028844088
2016-11-07,-6.2648862453829e-05
2016-11-08,-0.003377964976039056
2016-11-09,-0.0030043196675574534
2016-11-10,0.001561316870935321
2016-11-11,0.0012900567155957258
2016-11-14,0.0013060781518794862
2016-11-15,-0.0010424512892129962
2016-11-16,-0.0004179503298957643
2016-11-17,-0.0006413865734163417
2016-11-18,0.0010672202302192877
2016-11-21,3.7574651302353917e-06
2016-11-22,0.0002744181417868843
2016-11-23,-0.0008168460479913072
2016-11-24,-0.0018031933701245495
2016-11-25,-0.0012259437338367962
2016-11-28,0.0020033820139248384
2016-11-29,-0.005302260887687311
2016-11-30,0.00039597842083359536
2016-12-01,6.564293899207418e-05
2016-12-02,-0.0004336275881005561
2016-12-05,-7.178307220226328e-05
2016-12-06,0.0010367893876141367
2016-12-07,0.0001229578908967561
2016-12-08,-0.0009836781268521945
2016-12-09,-0.0005072982707602348
2016-12-12,5.993605350159141e-05
2016-12-13,-0.0007311502302775652
2016-12-14,0.0006918953724192097
2016-12-15,0.00013084061127456006
2016-12-16,-0.0002808544632224991
2016-12-19,-5.592392736214667e-05
2016-12-20,0.0006065412491317616
2016-12-21,-0.0007572032564564458
2016-12-22,0.0014937419665404814
2016-12-23,0.0011241288938509536
2016-12-27,-0.0012282654409431512
2016-12-28,-0.0005446980091819685
2016-12-29,-0.00022450617207639206
2016-12-30,0.0017149282185696022
